time_ms,neuron_index
3.854875283199999392e-01,0.000000000000000000e+00
3.854875283199999392e-01,1.000000000000000000e+00
4.535147391999999056e-01,0.000000000000000000e+00
4.535147391999999056e-01,1.000000000000000000e+00
9.297052153599998370e-01,0.000000000000000000e+00
9.297052153599998370e-01,1.000000000000000000e+00
9.977324262399996924e-01,0.000000000000000000e+00
9.977324262399996924e-01,1.000000000000000000e+00
1.065759637119999770e+00,0.000000000000000000e+00
1.065759637119999770e+00,1.000000000000000000e+00
1.224489795839999839e+00,0.000000000000000000e+00
1.224489795839999839e+00,1.000000000000000000e+00
1.292517006719999806e+00,0.000000000000000000e+00
1.292517006719999806e+00,1.000000000000000000e+00
1.360544217599999550e+00,0.000000000000000000e+00
1.360544217599999550e+00,1.000000000000000000e+00
1.519274376319999620e+00,0.000000000000000000e+00
1.519274376319999620e+00,1.000000000000000000e+00
1.723356008959999741e+00,0.000000000000000000e+00
1.723356008959999741e+00,1.000000000000000000e+00
1.814058956799999622e+00,0.000000000000000000e+00
1.814058956799999622e+00,1.000000000000000000e+00
2.018140589439999744e+00,0.000000000000000000e+00
2.018140589439999744e+00,1.000000000000000000e+00
2.154195011199999676e+00,0.000000000000000000e+00
2.154195011199999676e+00,1.000000000000000000e+00
2.222222222079999643e+00,0.000000000000000000e+00
2.222222222079999643e+00,1.000000000000000000e+00
2.335600906879999439e+00,0.000000000000000000e+00
2.335600906879999439e+00,1.000000000000000000e+00
2.426303854719999542e+00,0.000000000000000000e+00
2.426303854719999542e+00,1.000000000000000000e+00
2.494331065599999508e+00,0.000000000000000000e+00
2.494331065599999508e+00,1.000000000000000000e+00
2.585034013439999612e+00,0.000000000000000000e+00
2.585034013439999612e+00,1.000000000000000000e+00
2.653061224319999578e+00,0.000000000000000000e+00
2.653061224319999578e+00,1.000000000000000000e+00
2.721088435199999100e+00,0.000000000000000000e+00
2.721088435199999100e+00,1.000000000000000000e+00
2.789115646079999511e+00,0.000000000000000000e+00
2.789115646079999511e+00,1.000000000000000000e+00
2.857142856959999477e+00,0.000000000000000000e+00
2.857142856959999477e+00,1.000000000000000000e+00
3.242630385279999583e+00,0.000000000000000000e+00
3.242630385279999583e+00,1.000000000000000000e+00
3.378684807039999072e+00,0.000000000000000000e+00
3.378684807039999072e+00,1.000000000000000000e+00
3.446712017919999482e+00,0.000000000000000000e+00
3.446712017919999482e+00,1.000000000000000000e+00
3.764172335359999177e+00,0.000000000000000000e+00
3.764172335359999177e+00,1.000000000000000000e+00
3.832199546239999144e+00,0.000000000000000000e+00
3.832199546239999144e+00,1.000000000000000000e+00
3.900226757119999110e+00,0.000000000000000000e+00
3.900226757119999110e+00,1.000000000000000000e+00
3.968253967999999077e+00,0.000000000000000000e+00
3.968253967999999077e+00,1.000000000000000000e+00
4.081632652799998873e+00,0.000000000000000000e+00
4.081632652799998873e+00,1.000000000000000000e+00
4.149659863679999283e+00,0.000000000000000000e+00
4.149659863679999283e+00,1.000000000000000000e+00
4.217687074559998806e+00,0.000000000000000000e+00
4.217687074559998806e+00,1.000000000000000000e+00
4.331065759359998601e+00,0.000000000000000000e+00
4.331065759359998601e+00,1.000000000000000000e+00
4.399092970239999012e+00,0.000000000000000000e+00
4.399092970239999012e+00,1.000000000000000000e+00
4.467120181119998534e+00,0.000000000000000000e+00
4.467120181119998534e+00,1.000000000000000000e+00
4.716553287679999151e+00,0.000000000000000000e+00
4.716553287679999151e+00,1.000000000000000000e+00
4.784580498559998674e+00,0.000000000000000000e+00
4.784580498559998674e+00,1.000000000000000000e+00
4.852607709439999084e+00,0.000000000000000000e+00
4.852607709439999084e+00,1.000000000000000000e+00
5.056689342079999427e+00,0.000000000000000000e+00
5.056689342079999427e+00,1.000000000000000000e+00
5.124716552959998950e+00,0.000000000000000000e+00
5.124716552959998950e+00,1.000000000000000000e+00
5.192743763839998472e+00,0.000000000000000000e+00
5.192743763839998472e+00,1.000000000000000000e+00
5.306122448639999156e+00,0.000000000000000000e+00
5.306122448639999156e+00,1.000000000000000000e+00
5.374149659519999567e+00,0.000000000000000000e+00
5.374149659519999567e+00,1.000000000000000000e+00
5.442176870399998201e+00,0.000000000000000000e+00
5.442176870399998201e+00,1.000000000000000000e+00
5.532879818239998748e+00,0.000000000000000000e+00
5.532879818239998748e+00,1.000000000000000000e+00
5.600907029119998271e+00,0.000000000000000000e+00
5.600907029119998271e+00,1.000000000000000000e+00
5.804988661759998614e+00,0.000000000000000000e+00
5.804988661759998614e+00,1.000000000000000000e+00
5.873015872639999024e+00,0.000000000000000000e+00
5.873015872639999024e+00,1.000000000000000000e+00
5.941043083519998547e+00,0.000000000000000000e+00
5.941043083519998547e+00,1.000000000000000000e+00
6.009070294399998957e+00,0.000000000000000000e+00
6.009070294399998957e+00,1.000000000000000000e+00
6.439909296639998892e+00,0.000000000000000000e+00
6.439909296639998892e+00,1.000000000000000000e+00
6.507936507519998415e+00,0.000000000000000000e+00
6.507936507519998415e+00,1.000000000000000000e+00
6.893424035839998965e+00,0.000000000000000000e+00
6.893424035839998965e+00,1.000000000000000000e+00
7.097505668479998420e+00,0.000000000000000000e+00
7.097505668479998420e+00,1.000000000000000000e+00
7.165532879359997942e+00,0.000000000000000000e+00
7.165532879359997942e+00,1.000000000000000000e+00
7.233560090239998353e+00,0.000000000000000000e+00
7.233560090239998353e+00,1.000000000000000000e+00
7.301587301119998763e+00,0.000000000000000000e+00
7.301587301119998763e+00,1.000000000000000000e+00
7.369614511999998285e+00,0.000000000000000000e+00
7.369614511999998285e+00,1.000000000000000000e+00
7.437641722879998696e+00,0.000000000000000000e+00
7.437641722879998696e+00,1.000000000000000000e+00
7.505668933759998218e+00,0.000000000000000000e+00
7.505668933759998218e+00,1.000000000000000000e+00
7.573696144639997740e+00,0.000000000000000000e+00
7.573696144639997740e+00,1.000000000000000000e+00
7.641723355519998151e+00,0.000000000000000000e+00
7.641723355519998151e+00,1.000000000000000000e+00
7.709750566399998561e+00,0.000000000000000000e+00
7.709750566399998561e+00,1.000000000000000000e+00
7.777777777279998084e+00,0.000000000000000000e+00
7.777777777279998084e+00,1.000000000000000000e+00
7.845804988159997606e+00,0.000000000000000000e+00
7.845804988159997606e+00,1.000000000000000000e+00
7.913832199039998905e+00,0.000000000000000000e+00
7.913832199039998905e+00,1.000000000000000000e+00
7.981859409919997539e+00,0.000000000000000000e+00
7.981859409919997539e+00,1.000000000000000000e+00
8.049886620799998838e+00,0.000000000000000000e+00
8.049886620799998838e+00,1.000000000000000000e+00
8.117913831679997472e+00,0.000000000000000000e+00
8.117913831679997472e+00,1.000000000000000000e+00
8.185941042559997882e+00,0.000000000000000000e+00
8.185941042559997882e+00,1.000000000000000000e+00
8.253968253439998293e+00,0.000000000000000000e+00
8.253968253439998293e+00,1.000000000000000000e+00
8.321995464319996927e+00,0.000000000000000000e+00
8.321995464319996927e+00,1.000000000000000000e+00
8.390022675199999114e+00,0.000000000000000000e+00
8.390022675199999114e+00,1.000000000000000000e+00
8.458049886079997748e+00,0.000000000000000000e+00
8.458049886079997748e+00,1.000000000000000000e+00
8.526077096959998158e+00,0.000000000000000000e+00
8.526077096959998158e+00,1.000000000000000000e+00
8.594104307839998569e+00,0.000000000000000000e+00
8.594104307839998569e+00,1.000000000000000000e+00
8.662131518719997203e+00,0.000000000000000000e+00
8.662131518719997203e+00,1.000000000000000000e+00
8.730158729599997613e+00,0.000000000000000000e+00
8.730158729599997613e+00,1.000000000000000000e+00
8.798185940479998024e+00,0.000000000000000000e+00
8.798185940479998024e+00,1.000000000000000000e+00
8.866213151359998434e+00,0.000000000000000000e+00
8.866213151359998434e+00,1.000000000000000000e+00
8.934240362239997069e+00,0.000000000000000000e+00
8.934240362239997069e+00,1.000000000000000000e+00
9.002267573119999255e+00,0.000000000000000000e+00
9.002267573119999255e+00,1.000000000000000000e+00
9.070294783999997890e+00,0.000000000000000000e+00
9.070294783999997890e+00,1.000000000000000000e+00
9.138321994879996524e+00,0.000000000000000000e+00
9.138321994879996524e+00,1.000000000000000000e+00
9.274376416639997345e+00,0.000000000000000000e+00
9.274376416639997345e+00,1.000000000000000000e+00
9.750566892799996666e+00,0.000000000000000000e+00
9.750566892799996666e+00,1.000000000000000000e+00
9.818594103679998852e+00,0.000000000000000000e+00
9.818594103679998852e+00,1.000000000000000000e+00
9.886621314559997487e+00,0.000000000000000000e+00
9.886621314559997487e+00,1.000000000000000000e+00
9.977324262399998034e+00,0.000000000000000000e+00
9.977324262399998034e+00,1.000000000000000000e+00
1.004535147327999667e+01,0.000000000000000000e+00
1.004535147327999667e+01,1.000000000000000000e+00
1.011337868415999885e+01,0.000000000000000000e+00
1.011337868415999885e+01,1.000000000000000000e+00
1.018140589503999749e+01,0.000000000000000000e+00
1.018140589503999749e+01,1.000000000000000000e+00
1.024943310591999790e+01,0.000000000000000000e+00
1.024943310591999790e+01,1.000000000000000000e+00
1.031746031679999831e+01,0.000000000000000000e+00
1.031746031679999831e+01,1.000000000000000000e+00
1.038548752767999694e+01,0.000000000000000000e+00
1.038548752767999694e+01,1.000000000000000000e+00
1.045351473855999735e+01,0.000000000000000000e+00
1.045351473855999735e+01,1.000000000000000000e+00
1.052154194943999777e+01,0.000000000000000000e+00
1.052154194943999777e+01,1.000000000000000000e+00
1.058956916031999818e+01,0.000000000000000000e+00
1.058956916031999818e+01,1.000000000000000000e+00
1.065759637119999681e+01,0.000000000000000000e+00
1.065759637119999681e+01,1.000000000000000000e+00
1.072562358207999722e+01,0.000000000000000000e+00
1.072562358207999722e+01,1.000000000000000000e+00
1.079365079295999763e+01,0.000000000000000000e+00
1.079365079295999763e+01,1.000000000000000000e+00
1.086167800383999626e+01,0.000000000000000000e+00
1.086167800383999626e+01,1.000000000000000000e+00
1.092970521471999845e+01,0.000000000000000000e+00
1.092970521471999845e+01,1.000000000000000000e+00
1.099773242559999709e+01,0.000000000000000000e+00
1.099773242559999709e+01,1.000000000000000000e+00
1.106575963647999750e+01,0.000000000000000000e+00
1.106575963647999750e+01,1.000000000000000000e+00
1.113378684735999791e+01,0.000000000000000000e+00
1.113378684735999791e+01,1.000000000000000000e+00
1.120181405823999654e+01,0.000000000000000000e+00
1.120181405823999654e+01,1.000000000000000000e+00
1.126984126911999695e+01,0.000000000000000000e+00
1.126984126911999695e+01,1.000000000000000000e+00
1.133786847999999736e+01,0.000000000000000000e+00
1.133786847999999736e+01,1.000000000000000000e+00
1.140589569087999777e+01,0.000000000000000000e+00
1.140589569087999777e+01,1.000000000000000000e+00
1.147392290175999641e+01,0.000000000000000000e+00
1.147392290175999641e+01,1.000000000000000000e+00
1.154195011263999859e+01,0.000000000000000000e+00
1.154195011263999859e+01,1.000000000000000000e+00
1.160997732351999723e+01,0.000000000000000000e+00
1.160997732351999723e+01,1.000000000000000000e+00
1.167800453439999586e+01,0.000000000000000000e+00
1.167800453439999586e+01,1.000000000000000000e+00
1.174603174527999805e+01,0.000000000000000000e+00
1.174603174527999805e+01,1.000000000000000000e+00
1.181405895615999668e+01,0.000000000000000000e+00
1.181405895615999668e+01,1.000000000000000000e+00
1.188208616703999709e+01,0.000000000000000000e+00
1.188208616703999709e+01,1.000000000000000000e+00
1.195011337791999750e+01,0.000000000000000000e+00
1.195011337791999750e+01,1.000000000000000000e+00
1.201814058879999791e+01,0.000000000000000000e+00
1.201814058879999791e+01,1.000000000000000000e+00
1.208616779967999655e+01,0.000000000000000000e+00
1.208616779967999655e+01,1.000000000000000000e+00
1.215419501055999696e+01,0.000000000000000000e+00
1.215419501055999696e+01,1.000000000000000000e+00
1.222222222143999737e+01,0.000000000000000000e+00
1.222222222143999737e+01,1.000000000000000000e+00
1.229024943231999600e+01,0.000000000000000000e+00
1.229024943231999600e+01,1.000000000000000000e+00
1.235827664319999819e+01,0.000000000000000000e+00
1.235827664319999819e+01,1.000000000000000000e+00
1.242630385407999682e+01,0.000000000000000000e+00
1.242630385407999682e+01,1.000000000000000000e+00
1.249433106495999724e+01,0.000000000000000000e+00
1.249433106495999724e+01,1.000000000000000000e+00
1.256235827583999765e+01,0.000000000000000000e+00
1.256235827583999765e+01,1.000000000000000000e+00
1.263038548671999628e+01,0.000000000000000000e+00
1.263038548671999628e+01,1.000000000000000000e+00
1.344671201727999765e+01,0.000000000000000000e+00
1.344671201727999765e+01,1.000000000000000000e+00
1.356009070207999656e+01,0.000000000000000000e+00
1.356009070207999656e+01,1.000000000000000000e+00
1.362811791295999697e+01,0.000000000000000000e+00
1.362811791295999697e+01,1.000000000000000000e+00
1.369614512383999738e+01,0.000000000000000000e+00
1.369614512383999738e+01,1.000000000000000000e+00
1.376417233471999779e+01,0.000000000000000000e+00
1.376417233471999779e+01,1.000000000000000000e+00
1.383219954559999643e+01,0.000000000000000000e+00
1.383219954559999643e+01,1.000000000000000000e+00
1.390022675647999684e+01,0.000000000000000000e+00
1.390022675647999684e+01,1.000000000000000000e+00
1.396825396735999725e+01,0.000000000000000000e+00
1.396825396735999725e+01,1.000000000000000000e+00
1.403628117823999588e+01,0.000000000000000000e+00
1.403628117823999588e+01,1.000000000000000000e+00
1.410430838911999807e+01,0.000000000000000000e+00
1.410430838911999807e+01,1.000000000000000000e+00
1.417233559999999670e+01,0.000000000000000000e+00
1.417233559999999670e+01,1.000000000000000000e+00
1.424036281087999711e+01,0.000000000000000000e+00
1.424036281087999711e+01,1.000000000000000000e+00
1.430839002175999752e+01,0.000000000000000000e+00
1.430839002175999752e+01,1.000000000000000000e+00
1.437641723263999616e+01,0.000000000000000000e+00
1.437641723263999616e+01,1.000000000000000000e+00
1.444444444351999657e+01,0.000000000000000000e+00
1.444444444351999657e+01,1.000000000000000000e+00
1.451247165439999698e+01,0.000000000000000000e+00
1.451247165439999698e+01,1.000000000000000000e+00
1.458049886527999739e+01,0.000000000000000000e+00
1.458049886527999739e+01,1.000000000000000000e+00
1.464852607615999602e+01,0.000000000000000000e+00
1.464852607615999602e+01,1.000000000000000000e+00
1.471655328703999821e+01,0.000000000000000000e+00
1.471655328703999821e+01,1.000000000000000000e+00
1.478458049791999684e+01,0.000000000000000000e+00
1.478458049791999684e+01,1.000000000000000000e+00
1.485260770879999548e+01,0.000000000000000000e+00
1.485260770879999548e+01,1.000000000000000000e+00
1.492063491967999767e+01,0.000000000000000000e+00
1.492063491967999767e+01,1.000000000000000000e+00
1.498866213055999630e+01,0.000000000000000000e+00
1.498866213055999630e+01,1.000000000000000000e+00
1.505668934143999671e+01,0.000000000000000000e+00
1.505668934143999671e+01,1.000000000000000000e+00
1.512471655231999712e+01,0.000000000000000000e+00
1.512471655231999712e+01,1.000000000000000000e+00
1.519274376319999753e+01,0.000000000000000000e+00
1.519274376319999753e+01,1.000000000000000000e+00
1.526077097407999617e+01,0.000000000000000000e+00
1.526077097407999617e+01,1.000000000000000000e+00
1.532879818495999658e+01,0.000000000000000000e+00
1.532879818495999658e+01,1.000000000000000000e+00
1.539682539583999699e+01,0.000000000000000000e+00
1.539682539583999699e+01,1.000000000000000000e+00
1.546485260671999562e+01,0.000000000000000000e+00
1.546485260671999562e+01,1.000000000000000000e+00
1.553287981759999781e+01,0.000000000000000000e+00
1.553287981759999781e+01,1.000000000000000000e+00
1.560090702847999644e+01,0.000000000000000000e+00
1.560090702847999644e+01,1.000000000000000000e+00
1.566893423935999508e+01,0.000000000000000000e+00
1.566893423935999508e+01,1.000000000000000000e+00
1.573696145023999549e+01,0.000000000000000000e+00
1.573696145023999549e+01,1.000000000000000000e+00
1.580498866111999767e+01,0.000000000000000000e+00
1.580498866111999767e+01,1.000000000000000000e+00
1.587301587199999631e+01,0.000000000000000000e+00
1.587301587199999631e+01,1.000000000000000000e+00
1.594104308287999672e+01,0.000000000000000000e+00
1.594104308287999672e+01,1.000000000000000000e+00
1.600907029375999713e+01,0.000000000000000000e+00
1.600907029375999713e+01,1.000000000000000000e+00
1.607709750463999754e+01,0.000000000000000000e+00
1.607709750463999754e+01,1.000000000000000000e+00
1.614512471551999795e+01,0.000000000000000000e+00
1.614512471551999795e+01,1.000000000000000000e+00
1.621315192639999836e+01,0.000000000000000000e+00
1.621315192639999836e+01,1.000000000000000000e+00
1.628117913727999522e+01,0.000000000000000000e+00
1.628117913727999522e+01,1.000000000000000000e+00
1.634920634815999563e+01,0.000000000000000000e+00
1.634920634815999563e+01,1.000000000000000000e+00
1.641723355903999604e+01,0.000000000000000000e+00
1.641723355903999604e+01,1.000000000000000000e+00
1.648526076991999645e+01,0.000000000000000000e+00
1.648526076991999645e+01,1.000000000000000000e+00
1.655328798079999686e+01,0.000000000000000000e+00
1.655328798079999686e+01,1.000000000000000000e+00
1.662131519167999727e+01,0.000000000000000000e+00
1.662131519167999727e+01,1.000000000000000000e+00
1.668934240255999413e+01,0.000000000000000000e+00
1.668934240255999413e+01,1.000000000000000000e+00
1.675736961343999809e+01,0.000000000000000000e+00
1.675736961343999809e+01,1.000000000000000000e+00
1.682539682431999850e+01,0.000000000000000000e+00
1.682539682431999850e+01,1.000000000000000000e+00
1.689342403519999536e+01,0.000000000000000000e+00
1.689342403519999536e+01,1.000000000000000000e+00
1.696145124607999577e+01,0.000000000000000000e+00
1.696145124607999577e+01,1.000000000000000000e+00
1.702947845695999618e+01,0.000000000000000000e+00
1.702947845695999618e+01,1.000000000000000000e+00
1.712018140479999673e+01,0.000000000000000000e+00
1.712018140479999673e+01,1.000000000000000000e+00
1.718820861567999714e+01,0.000000000000000000e+00
1.718820861567999714e+01,1.000000000000000000e+00
1.730158730047999427e+01,0.000000000000000000e+00
1.730158730047999427e+01,1.000000000000000000e+00
1.739229024831999837e+01,0.000000000000000000e+00
1.739229024831999837e+01,1.000000000000000000e+00
1.823129251583999633e+01,0.000000000000000000e+00
1.823129251583999633e+01,1.000000000000000000e+00
1.832199546367999687e+01,0.000000000000000000e+00
1.832199546367999687e+01,1.000000000000000000e+00
1.839002267455999728e+01,0.000000000000000000e+00
1.839002267455999728e+01,1.000000000000000000e+00
1.848072562239999428e+01,0.000000000000000000e+00
1.848072562239999428e+01,1.000000000000000000e+00
1.854875283327999469e+01,0.000000000000000000e+00
1.854875283327999469e+01,1.000000000000000000e+00
1.861678004415999865e+01,0.000000000000000000e+00
1.861678004415999865e+01,1.000000000000000000e+00
1.868480725503999551e+01,0.000000000000000000e+00
1.868480725503999551e+01,1.000000000000000000e+00
1.875283446591999592e+01,0.000000000000000000e+00
1.875283446591999592e+01,1.000000000000000000e+00
1.882086167679999633e+01,0.000000000000000000e+00
1.882086167679999633e+01,1.000000000000000000e+00
1.888888888767999319e+01,0.000000000000000000e+00
1.888888888767999319e+01,1.000000000000000000e+00
1.895691609855999715e+01,0.000000000000000000e+00
1.895691609855999715e+01,1.000000000000000000e+00
1.902494330943999756e+01,0.000000000000000000e+00
1.902494330943999756e+01,1.000000000000000000e+00
1.909297052031999442e+01,0.000000000000000000e+00
1.909297052031999442e+01,1.000000000000000000e+00
1.916099773119999483e+01,0.000000000000000000e+00
1.916099773119999483e+01,1.000000000000000000e+00
1.922902494207999524e+01,0.000000000000000000e+00
1.922902494207999524e+01,1.000000000000000000e+00
1.929705215295999565e+01,0.000000000000000000e+00
1.929705215295999565e+01,1.000000000000000000e+00
1.936507936383999606e+01,0.000000000000000000e+00
1.936507936383999606e+01,1.000000000000000000e+00
1.943310657471999647e+01,0.000000000000000000e+00
1.943310657471999647e+01,1.000000000000000000e+00
1.950113378559999333e+01,0.000000000000000000e+00
1.950113378559999333e+01,1.000000000000000000e+00
1.956916099647999729e+01,0.000000000000000000e+00
1.956916099647999729e+01,1.000000000000000000e+00
1.963718820735999770e+01,0.000000000000000000e+00
1.963718820735999770e+01,1.000000000000000000e+00
1.970521541823999456e+01,0.000000000000000000e+00
1.970521541823999456e+01,1.000000000000000000e+00
1.977324262911999497e+01,0.000000000000000000e+00
1.977324262911999497e+01,1.000000000000000000e+00
1.984126983999999538e+01,0.000000000000000000e+00
1.984126983999999538e+01,1.000000000000000000e+00
1.990929705087999579e+01,0.000000000000000000e+00
1.990929705087999579e+01,1.000000000000000000e+00
1.997732426175999620e+01,0.000000000000000000e+00
1.997732426175999620e+01,1.000000000000000000e+00
2.004535147263999662e+01,0.000000000000000000e+00
2.004535147263999662e+01,1.000000000000000000e+00
2.011337868351999347e+01,0.000000000000000000e+00
2.011337868351999347e+01,1.000000000000000000e+00
2.018140589439999388e+01,0.000000000000000000e+00
2.018140589439999388e+01,1.000000000000000000e+00
2.024943310527999785e+01,0.000000000000000000e+00
2.024943310527999785e+01,1.000000000000000000e+00
2.031746031615999470e+01,0.000000000000000000e+00
2.031746031615999470e+01,1.000000000000000000e+00
2.038548752703999511e+01,0.000000000000000000e+00
2.038548752703999511e+01,1.000000000000000000e+00
2.045351473791999553e+01,0.000000000000000000e+00
2.045351473791999553e+01,1.000000000000000000e+00
2.052154194879999594e+01,0.000000000000000000e+00
2.052154194879999594e+01,1.000000000000000000e+00
2.058956915967999635e+01,0.000000000000000000e+00
2.058956915967999635e+01,1.000000000000000000e+00
2.065759637055999676e+01,0.000000000000000000e+00
2.065759637055999676e+01,1.000000000000000000e+00
2.072562358143999361e+01,0.000000000000000000e+00
2.072562358143999361e+01,1.000000000000000000e+00
2.079365079231999403e+01,0.000000000000000000e+00
2.079365079231999403e+01,1.000000000000000000e+00
2.086167800319999799e+01,0.000000000000000000e+00
2.086167800319999799e+01,1.000000000000000000e+00
2.092970521407999485e+01,0.000000000000000000e+00
2.092970521407999485e+01,1.000000000000000000e+00
2.099773242495999526e+01,0.000000000000000000e+00
2.099773242495999526e+01,1.000000000000000000e+00
2.106575963583999567e+01,0.000000000000000000e+00
2.106575963583999567e+01,1.000000000000000000e+00
2.113378684671999252e+01,0.000000000000000000e+00
2.113378684671999252e+01,1.000000000000000000e+00
2.120181405759999649e+01,0.000000000000000000e+00
2.120181405759999649e+01,1.000000000000000000e+00
2.126984126847999690e+01,0.000000000000000000e+00
2.126984126847999690e+01,1.000000000000000000e+00
2.133786847935999376e+01,0.000000000000000000e+00
2.133786847935999376e+01,1.000000000000000000e+00
2.140589569023999417e+01,0.000000000000000000e+00
2.140589569023999417e+01,1.000000000000000000e+00
2.147392290111999813e+01,0.000000000000000000e+00
2.147392290111999813e+01,1.000000000000000000e+00
2.154195011199999499e+01,0.000000000000000000e+00
2.154195011199999499e+01,1.000000000000000000e+00
2.160997732287999540e+01,0.000000000000000000e+00
2.160997732287999540e+01,1.000000000000000000e+00
2.167800453375999581e+01,0.000000000000000000e+00
2.167800453375999581e+01,1.000000000000000000e+00
2.174603174463999267e+01,0.000000000000000000e+00
2.174603174463999267e+01,1.000000000000000000e+00
2.181405895551999663e+01,0.000000000000000000e+00
2.181405895551999663e+01,1.000000000000000000e+00
2.188208616639999704e+01,0.000000000000000000e+00
2.188208616639999704e+01,1.000000000000000000e+00
2.195011337727999390e+01,0.000000000000000000e+00
2.195011337727999390e+01,1.000000000000000000e+00
2.201814058815999431e+01,0.000000000000000000e+00
2.201814058815999431e+01,1.000000000000000000e+00
2.208616779903999472e+01,0.000000000000000000e+00
2.208616779903999472e+01,1.000000000000000000e+00
2.215419500991999513e+01,0.000000000000000000e+00
2.215419500991999513e+01,1.000000000000000000e+00
2.222222222079999554e+01,0.000000000000000000e+00
2.222222222079999554e+01,1.000000000000000000e+00
2.229024943167999595e+01,0.000000000000000000e+00
2.229024943167999595e+01,1.000000000000000000e+00
2.235827664255999281e+01,0.000000000000000000e+00
2.235827664255999281e+01,1.000000000000000000e+00
2.244897959039999691e+01,0.000000000000000000e+00
2.244897959039999691e+01,1.000000000000000000e+00
2.251700680127999732e+01,0.000000000000000000e+00
2.251700680127999732e+01,1.000000000000000000e+00
2.260770974911999431e+01,0.000000000000000000e+00
2.260770974911999431e+01,1.000000000000000000e+00
2.335600906879999172e+01,0.000000000000000000e+00
2.335600906879999172e+01,1.000000000000000000e+00
2.346938775359999596e+01,0.000000000000000000e+00
2.346938775359999596e+01,1.000000000000000000e+00
2.353741496447999637e+01,0.000000000000000000e+00
2.353741496447999637e+01,1.000000000000000000e+00
2.360544217535999323e+01,0.000000000000000000e+00
2.360544217535999323e+01,1.000000000000000000e+00
2.367346938623999364e+01,0.000000000000000000e+00
2.367346938623999364e+01,1.000000000000000000e+00
2.374149659711999760e+01,0.000000000000000000e+00
2.374149659711999760e+01,1.000000000000000000e+00
2.380952380799999446e+01,0.000000000000000000e+00
2.380952380799999446e+01,1.000000000000000000e+00
2.387755101887999487e+01,0.000000000000000000e+00
2.387755101887999487e+01,1.000000000000000000e+00
2.394557822975999528e+01,0.000000000000000000e+00
2.394557822975999528e+01,1.000000000000000000e+00
2.401360544063999214e+01,0.000000000000000000e+00
2.401360544063999214e+01,1.000000000000000000e+00
2.408163265151999610e+01,0.000000000000000000e+00
2.408163265151999610e+01,1.000000000000000000e+00
2.414965986239999651e+01,0.000000000000000000e+00
2.414965986239999651e+01,1.000000000000000000e+00
2.421768707327999337e+01,0.000000000000000000e+00
2.421768707327999337e+01,1.000000000000000000e+00
2.428571428415999378e+01,0.000000000000000000e+00
2.428571428415999378e+01,1.000000000000000000e+00
2.435374149503999774e+01,0.000000000000000000e+00
2.435374149503999774e+01,1.000000000000000000e+00
2.442176870591999460e+01,0.000000000000000000e+00
2.442176870591999460e+01,1.000000000000000000e+00
2.448979591679999501e+01,0.000000000000000000e+00
2.448979591679999501e+01,1.000000000000000000e+00
2.455782312767999542e+01,0.000000000000000000e+00
2.455782312767999542e+01,1.000000000000000000e+00
2.462585033855999228e+01,0.000000000000000000e+00
2.462585033855999228e+01,1.000000000000000000e+00
2.469387754943999624e+01,0.000000000000000000e+00
2.469387754943999624e+01,1.000000000000000000e+00
2.476190476031999665e+01,0.000000000000000000e+00
2.476190476031999665e+01,1.000000000000000000e+00
2.482993197119999351e+01,0.000000000000000000e+00
2.482993197119999351e+01,1.000000000000000000e+00
2.489795918207999392e+01,0.000000000000000000e+00
2.489795918207999392e+01,1.000000000000000000e+00
2.496598639295999433e+01,0.000000000000000000e+00
2.496598639295999433e+01,1.000000000000000000e+00
2.503401360383999474e+01,0.000000000000000000e+00
2.503401360383999474e+01,1.000000000000000000e+00
2.510204081471999515e+01,0.000000000000000000e+00
2.510204081471999515e+01,1.000000000000000000e+00
2.517006802559999556e+01,0.000000000000000000e+00
2.517006802559999556e+01,1.000000000000000000e+00
2.523809523647999242e+01,0.000000000000000000e+00
2.523809523647999242e+01,1.000000000000000000e+00
2.530612244735999639e+01,0.000000000000000000e+00
2.530612244735999639e+01,1.000000000000000000e+00
2.537414965823999680e+01,0.000000000000000000e+00
2.537414965823999680e+01,1.000000000000000000e+00
2.544217686911999365e+01,0.000000000000000000e+00
2.544217686911999365e+01,1.000000000000000000e+00
2.551020407999999406e+01,0.000000000000000000e+00
2.551020407999999406e+01,1.000000000000000000e+00
2.557823129087999448e+01,0.000000000000000000e+00
2.557823129087999448e+01,1.000000000000000000e+00
2.564625850175999489e+01,0.000000000000000000e+00
2.564625850175999489e+01,1.000000000000000000e+00
2.571428571263999530e+01,0.000000000000000000e+00
2.571428571263999530e+01,1.000000000000000000e+00
2.578231292351999571e+01,0.000000000000000000e+00
2.578231292351999571e+01,1.000000000000000000e+00
2.585034013439999256e+01,0.000000000000000000e+00
2.585034013439999256e+01,1.000000000000000000e+00
2.591836734527999297e+01,0.000000000000000000e+00
2.591836734527999297e+01,1.000000000000000000e+00
2.598639455615999694e+01,0.000000000000000000e+00
2.598639455615999694e+01,1.000000000000000000e+00
2.605442176703999380e+01,0.000000000000000000e+00
2.605442176703999380e+01,1.000000000000000000e+00
2.612244897791999421e+01,0.000000000000000000e+00
2.612244897791999421e+01,1.000000000000000000e+00
2.619047618879999462e+01,0.000000000000000000e+00
2.619047618879999462e+01,1.000000000000000000e+00
2.625850339967999503e+01,0.000000000000000000e+00
2.625850339967999503e+01,1.000000000000000000e+00
2.632653061055999544e+01,0.000000000000000000e+00
2.632653061055999544e+01,1.000000000000000000e+00
2.639455782143999585e+01,0.000000000000000000e+00
2.639455782143999585e+01,1.000000000000000000e+00
2.646258503231999271e+01,0.000000000000000000e+00
2.646258503231999271e+01,1.000000000000000000e+00
2.653061224319999312e+01,0.000000000000000000e+00
2.653061224319999312e+01,1.000000000000000000e+00
2.659863945407999708e+01,0.000000000000000000e+00
2.659863945407999708e+01,1.000000000000000000e+00
2.666666666495999394e+01,0.000000000000000000e+00
2.666666666495999394e+01,1.000000000000000000e+00
2.673469387583999435e+01,0.000000000000000000e+00
2.673469387583999435e+01,1.000000000000000000e+00
2.680272108671999476e+01,0.000000000000000000e+00
2.680272108671999476e+01,1.000000000000000000e+00
2.687074829759999162e+01,0.000000000000000000e+00
2.687074829759999162e+01,1.000000000000000000e+00
2.693877550847999558e+01,0.000000000000000000e+00
2.693877550847999558e+01,1.000000000000000000e+00
2.700680271935999599e+01,0.000000000000000000e+00
2.700680271935999599e+01,1.000000000000000000e+00
2.707482993023999285e+01,0.000000000000000000e+00
2.707482993023999285e+01,1.000000000000000000e+00
2.714285714111999326e+01,0.000000000000000000e+00
2.714285714111999326e+01,1.000000000000000000e+00
2.721088435199999722e+01,0.000000000000000000e+00
2.721088435199999722e+01,1.000000000000000000e+00
2.727891156287999408e+01,0.000000000000000000e+00
2.727891156287999408e+01,1.000000000000000000e+00
2.734693877375999449e+01,0.000000000000000000e+00
2.734693877375999449e+01,1.000000000000000000e+00
2.741496598463999490e+01,0.000000000000000000e+00
2.741496598463999490e+01,1.000000000000000000e+00
2.748299319551999176e+01,0.000000000000000000e+00
2.748299319551999176e+01,1.000000000000000000e+00
2.755102040639999572e+01,0.000000000000000000e+00
2.755102040639999572e+01,1.000000000000000000e+00
2.761904761727999613e+01,0.000000000000000000e+00
2.761904761727999613e+01,1.000000000000000000e+00
2.768707482815999299e+01,0.000000000000000000e+00
2.768707482815999299e+01,1.000000000000000000e+00
2.775510203903999340e+01,0.000000000000000000e+00
2.775510203903999340e+01,1.000000000000000000e+00
2.782312924991999381e+01,0.000000000000000000e+00
2.782312924991999381e+01,1.000000000000000000e+00
2.789115646079999422e+01,0.000000000000000000e+00
2.789115646079999422e+01,1.000000000000000000e+00
2.795918367167999463e+01,0.000000000000000000e+00
2.795918367167999463e+01,1.000000000000000000e+00
2.802721088255999504e+01,0.000000000000000000e+00
2.802721088255999504e+01,1.000000000000000000e+00
2.809523809343999190e+01,0.000000000000000000e+00
2.809523809343999190e+01,1.000000000000000000e+00
2.816326530431999586e+01,0.000000000000000000e+00
2.816326530431999586e+01,1.000000000000000000e+00
2.823129251519999627e+01,0.000000000000000000e+00
2.823129251519999627e+01,1.000000000000000000e+00
2.829931972607999313e+01,0.000000000000000000e+00
2.829931972607999313e+01,1.000000000000000000e+00
2.836734693695999354e+01,0.000000000000000000e+00
2.836734693695999354e+01,1.000000000000000000e+00
2.843537414783999395e+01,0.000000000000000000e+00
2.843537414783999395e+01,1.000000000000000000e+00
2.852607709567999450e+01,0.000000000000000000e+00
2.852607709567999450e+01,1.000000000000000000e+00
2.866213151743999177e+01,0.000000000000000000e+00
2.866213151743999177e+01,1.000000000000000000e+00
2.950113378495999328e+01,0.000000000000000000e+00
2.950113378495999328e+01,1.000000000000000000e+00
2.959183673279999383e+01,0.000000000000000000e+00
2.959183673279999383e+01,1.000000000000000000e+00
2.965986394367999424e+01,0.000000000000000000e+00
2.965986394367999424e+01,1.000000000000000000e+00
2.972789115455999109e+01,0.000000000000000000e+00
2.972789115455999109e+01,1.000000000000000000e+00
2.979591836543999506e+01,0.000000000000000000e+00
2.979591836543999506e+01,1.000000000000000000e+00
2.986394557631999547e+01,0.000000000000000000e+00
2.986394557631999547e+01,1.000000000000000000e+00
2.993197278719999233e+01,0.000000000000000000e+00
2.993197278719999233e+01,1.000000000000000000e+00
2.999999999807999274e+01,0.000000000000000000e+00
2.999999999807999274e+01,1.000000000000000000e+00
3.006802720895999670e+01,0.000000000000000000e+00
3.006802720895999670e+01,1.000000000000000000e+00
3.013605441983999356e+01,0.000000000000000000e+00
3.013605441983999356e+01,1.000000000000000000e+00
3.020408163071999397e+01,0.000000000000000000e+00
3.020408163071999397e+01,1.000000000000000000e+00
3.027210884159999438e+01,0.000000000000000000e+00
3.027210884159999438e+01,1.000000000000000000e+00
3.034013605247999124e+01,0.000000000000000000e+00
3.034013605247999124e+01,1.000000000000000000e+00
3.040816326335999520e+01,0.000000000000000000e+00
3.040816326335999520e+01,1.000000000000000000e+00
3.047619047423999561e+01,0.000000000000000000e+00
3.047619047423999561e+01,1.000000000000000000e+00
3.054421768511999247e+01,0.000000000000000000e+00
3.054421768511999247e+01,1.000000000000000000e+00
3.061224489599999288e+01,0.000000000000000000e+00
3.061224489599999288e+01,1.000000000000000000e+00
3.068027210687999329e+01,0.000000000000000000e+00
3.068027210687999329e+01,1.000000000000000000e+00
3.074829931775999370e+01,0.000000000000000000e+00
3.074829931775999370e+01,1.000000000000000000e+00
3.081632652863999411e+01,0.000000000000000000e+00
3.081632652863999411e+01,1.000000000000000000e+00
3.088435373951999452e+01,0.000000000000000000e+00
3.088435373951999452e+01,1.000000000000000000e+00
3.095238095039999138e+01,0.000000000000000000e+00
3.095238095039999138e+01,1.000000000000000000e+00
3.102040816127999534e+01,0.000000000000000000e+00
3.102040816127999534e+01,1.000000000000000000e+00
3.108843537215999575e+01,0.000000000000000000e+00
3.108843537215999575e+01,1.000000000000000000e+00
3.115646258303999261e+01,0.000000000000000000e+00
3.115646258303999261e+01,1.000000000000000000e+00
3.122448979391999302e+01,0.000000000000000000e+00
3.122448979391999302e+01,1.000000000000000000e+00
3.129251700479999343e+01,0.000000000000000000e+00
3.129251700479999343e+01,1.000000000000000000e+00
3.136054421567999029e+01,0.000000000000000000e+00
3.136054421567999029e+01,1.000000000000000000e+00
3.142857142655999070e+01,0.000000000000000000e+00
3.142857142655999070e+01,1.000000000000000000e+00
3.149659863743999821e+01,0.000000000000000000e+00
3.149659863743999821e+01,1.000000000000000000e+00
3.156462584831999507e+01,0.000000000000000000e+00
3.156462584831999507e+01,1.000000000000000000e+00
3.163265305919999548e+01,0.000000000000000000e+00
3.163265305919999548e+01,1.000000000000000000e+00
3.170068027007999589e+01,0.000000000000000000e+00
3.170068027007999589e+01,1.000000000000000000e+00
3.176870748095999275e+01,0.000000000000000000e+00
3.176870748095999275e+01,1.000000000000000000e+00
3.183673469183999316e+01,0.000000000000000000e+00
3.183673469183999316e+01,1.000000000000000000e+00
3.190476190271999357e+01,0.000000000000000000e+00
3.190476190271999357e+01,1.000000000000000000e+00
3.197278911359999043e+01,0.000000000000000000e+00
3.197278911359999043e+01,1.000000000000000000e+00
3.204081632447999084e+01,0.000000000000000000e+00
3.204081632447999084e+01,1.000000000000000000e+00
3.210884353535998770e+01,0.000000000000000000e+00
3.210884353535998770e+01,1.000000000000000000e+00
3.217687074623999877e+01,0.000000000000000000e+00
3.217687074623999877e+01,1.000000000000000000e+00
3.224489795711999562e+01,0.000000000000000000e+00
3.224489795711999562e+01,1.000000000000000000e+00
3.231292516799999248e+01,0.000000000000000000e+00
3.231292516799999248e+01,1.000000000000000000e+00
3.238095237887999644e+01,0.000000000000000000e+00
3.238095237887999644e+01,1.000000000000000000e+00
3.244897958975999330e+01,0.000000000000000000e+00
3.244897958975999330e+01,1.000000000000000000e+00
3.251700680063999016e+01,0.000000000000000000e+00
3.251700680063999016e+01,1.000000000000000000e+00
3.258503401151999412e+01,0.000000000000000000e+00
3.258503401151999412e+01,1.000000000000000000e+00
3.265306122239999098e+01,0.000000000000000000e+00
3.265306122239999098e+01,1.000000000000000000e+00
3.272108843327998784e+01,0.000000000000000000e+00
3.272108843327998784e+01,1.000000000000000000e+00
3.278911564415999891e+01,0.000000000000000000e+00
3.278911564415999891e+01,1.000000000000000000e+00
3.285714285503999577e+01,0.000000000000000000e+00
3.285714285503999577e+01,1.000000000000000000e+00
3.292517006591999262e+01,0.000000000000000000e+00
3.292517006591999262e+01,1.000000000000000000e+00
3.299319727679999659e+01,0.000000000000000000e+00
3.299319727679999659e+01,1.000000000000000000e+00
3.306122448767999344e+01,0.000000000000000000e+00
3.306122448767999344e+01,1.000000000000000000e+00
3.312925169855999030e+01,0.000000000000000000e+00
3.312925169855999030e+01,1.000000000000000000e+00
3.319727890943999427e+01,0.000000000000000000e+00
3.319727890943999427e+01,1.000000000000000000e+00
3.326530612031999112e+01,0.000000000000000000e+00
3.326530612031999112e+01,1.000000000000000000e+00
3.333333333119998798e+01,0.000000000000000000e+00
3.333333333119998798e+01,1.000000000000000000e+00
3.340136054207999905e+01,0.000000000000000000e+00
3.340136054207999905e+01,1.000000000000000000e+00
3.346938775295999591e+01,0.000000000000000000e+00
3.346938775295999591e+01,1.000000000000000000e+00
3.353741496383999277e+01,0.000000000000000000e+00
3.353741496383999277e+01,1.000000000000000000e+00
3.360544217471999673e+01,0.000000000000000000e+00
3.360544217471999673e+01,1.000000000000000000e+00
3.367346938559999359e+01,0.000000000000000000e+00
3.367346938559999359e+01,1.000000000000000000e+00
3.374149659647999044e+01,0.000000000000000000e+00
3.374149659647999044e+01,1.000000000000000000e+00
3.380952380735999441e+01,0.000000000000000000e+00
3.380952380735999441e+01,1.000000000000000000e+00
3.387755101823999127e+01,0.000000000000000000e+00
3.387755101823999127e+01,1.000000000000000000e+00
3.394557822911998812e+01,0.000000000000000000e+00
3.394557822911998812e+01,1.000000000000000000e+00
3.401360543999999209e+01,0.000000000000000000e+00
3.401360543999999209e+01,1.000000000000000000e+00
3.408163265087999605e+01,0.000000000000000000e+00
3.408163265087999605e+01,1.000000000000000000e+00
3.414965986175999291e+01,0.000000000000000000e+00
3.414965986175999291e+01,1.000000000000000000e+00
3.421768707263999687e+01,0.000000000000000000e+00
3.421768707263999687e+01,1.000000000000000000e+00
3.428571428351999373e+01,0.000000000000000000e+00
3.428571428351999373e+01,1.000000000000000000e+00
3.435374149439999059e+01,0.000000000000000000e+00
3.435374149439999059e+01,1.000000000000000000e+00
3.442176870527999455e+01,0.000000000000000000e+00
3.442176870527999455e+01,1.000000000000000000e+00
3.448979591615999141e+01,0.000000000000000000e+00
3.448979591615999141e+01,1.000000000000000000e+00
3.455782312703998826e+01,0.000000000000000000e+00
3.455782312703998826e+01,1.000000000000000000e+00
3.462585033791999223e+01,0.000000000000000000e+00
3.462585033791999223e+01,1.000000000000000000e+00
3.469387754879999619e+01,0.000000000000000000e+00
3.469387754879999619e+01,1.000000000000000000e+00
3.476190475967999305e+01,0.000000000000000000e+00
3.476190475967999305e+01,1.000000000000000000e+00
3.482993197055999701e+01,0.000000000000000000e+00
3.482993197055999701e+01,1.000000000000000000e+00
3.489795918143999387e+01,0.000000000000000000e+00
3.489795918143999387e+01,1.000000000000000000e+00
3.496598639231999073e+01,0.000000000000000000e+00
3.496598639231999073e+01,1.000000000000000000e+00
3.503401360319999469e+01,0.000000000000000000e+00
3.503401360319999469e+01,1.000000000000000000e+00
3.510204081407999155e+01,0.000000000000000000e+00
3.510204081407999155e+01,1.000000000000000000e+00
3.623582766207999128e+01,0.000000000000000000e+00
3.623582766207999128e+01,1.000000000000000000e+00
3.632653060991999183e+01,0.000000000000000000e+00
3.632653060991999183e+01,1.000000000000000000e+00
3.639455782079998869e+01,0.000000000000000000e+00
3.639455782079998869e+01,1.000000000000000000e+00
3.646258503167999265e+01,0.000000000000000000e+00
3.646258503167999265e+01,1.000000000000000000e+00
3.653061224255998951e+01,0.000000000000000000e+00
3.653061224255998951e+01,1.000000000000000000e+00
3.659863945343999347e+01,0.000000000000000000e+00
3.659863945343999347e+01,1.000000000000000000e+00
3.666666666431999744e+01,0.000000000000000000e+00
3.666666666431999744e+01,1.000000000000000000e+00
3.673469387519999430e+01,0.000000000000000000e+00
3.673469387519999430e+01,1.000000000000000000e+00
3.680272108607999115e+01,0.000000000000000000e+00
3.680272108607999115e+01,1.000000000000000000e+00
3.687074829695999512e+01,0.000000000000000000e+00
3.687074829695999512e+01,1.000000000000000000e+00
3.693877550783999197e+01,0.000000000000000000e+00
3.693877550783999197e+01,1.000000000000000000e+00
3.700680271871998883e+01,0.000000000000000000e+00
3.700680271871998883e+01,1.000000000000000000e+00
3.707482992959999279e+01,0.000000000000000000e+00
3.707482992959999279e+01,1.000000000000000000e+00
3.714285714047998965e+01,0.000000000000000000e+00
3.714285714047998965e+01,1.000000000000000000e+00
3.721088435135998651e+01,0.000000000000000000e+00
3.721088435135998651e+01,1.000000000000000000e+00
3.727891156223999758e+01,0.000000000000000000e+00
3.727891156223999758e+01,1.000000000000000000e+00
3.734693877311999444e+01,0.000000000000000000e+00
3.734693877311999444e+01,1.000000000000000000e+00
3.741496598399999129e+01,0.000000000000000000e+00
3.741496598399999129e+01,1.000000000000000000e+00
3.748299319487999526e+01,0.000000000000000000e+00
3.748299319487999526e+01,1.000000000000000000e+00
3.755102040575999212e+01,0.000000000000000000e+00
3.755102040575999212e+01,1.000000000000000000e+00
3.761904761663998897e+01,0.000000000000000000e+00
3.761904761663998897e+01,1.000000000000000000e+00
3.768707482751999294e+01,0.000000000000000000e+00
3.768707482751999294e+01,1.000000000000000000e+00
3.775510203839998979e+01,0.000000000000000000e+00
3.775510203839998979e+01,1.000000000000000000e+00
3.782312924927998665e+01,0.000000000000000000e+00
3.782312924927998665e+01,1.000000000000000000e+00
3.789115646015999772e+01,0.000000000000000000e+00
3.789115646015999772e+01,1.000000000000000000e+00
3.795918367103999458e+01,0.000000000000000000e+00
3.795918367103999458e+01,1.000000000000000000e+00
3.802721088191999144e+01,0.000000000000000000e+00
3.802721088191999144e+01,1.000000000000000000e+00
3.809523809279999540e+01,0.000000000000000000e+00
3.809523809279999540e+01,1.000000000000000000e+00
3.816326530367999226e+01,0.000000000000000000e+00
3.816326530367999226e+01,1.000000000000000000e+00
3.823129251455998912e+01,0.000000000000000000e+00
3.823129251455998912e+01,1.000000000000000000e+00
3.829931972543999308e+01,0.000000000000000000e+00
3.829931972543999308e+01,1.000000000000000000e+00
3.836734693631998994e+01,0.000000000000000000e+00
3.836734693631998994e+01,1.000000000000000000e+00
3.843537414719998679e+01,0.000000000000000000e+00
3.843537414719998679e+01,1.000000000000000000e+00
3.850340135807999786e+01,0.000000000000000000e+00
3.850340135807999786e+01,1.000000000000000000e+00
3.857142856895999472e+01,0.000000000000000000e+00
3.857142856895999472e+01,1.000000000000000000e+00
3.863945577983999158e+01,0.000000000000000000e+00
3.863945577983999158e+01,1.000000000000000000e+00
3.870748299071999554e+01,0.000000000000000000e+00
3.870748299071999554e+01,1.000000000000000000e+00
3.877551020159999240e+01,0.000000000000000000e+00
3.877551020159999240e+01,1.000000000000000000e+00
3.884353741247998926e+01,0.000000000000000000e+00
3.884353741247998926e+01,1.000000000000000000e+00
3.891156462335999322e+01,0.000000000000000000e+00
3.891156462335999322e+01,1.000000000000000000e+00
3.897959183423999008e+01,0.000000000000000000e+00
3.897959183423999008e+01,1.000000000000000000e+00
3.904761904511998694e+01,0.000000000000000000e+00
3.904761904511998694e+01,1.000000000000000000e+00
3.911564625599999090e+01,0.000000000000000000e+00
3.911564625599999090e+01,1.000000000000000000e+00
3.918367346687999486e+01,0.000000000000000000e+00
3.918367346687999486e+01,1.000000000000000000e+00
3.925170067775999172e+01,0.000000000000000000e+00
3.925170067775999172e+01,1.000000000000000000e+00
3.931972788863999568e+01,0.000000000000000000e+00
3.931972788863999568e+01,1.000000000000000000e+00
3.938775509951999254e+01,0.000000000000000000e+00
3.938775509951999254e+01,1.000000000000000000e+00
3.945578231039998940e+01,0.000000000000000000e+00
3.945578231039998940e+01,1.000000000000000000e+00
3.952380952127999336e+01,0.000000000000000000e+00
3.952380952127999336e+01,1.000000000000000000e+00
3.959183673215999022e+01,0.000000000000000000e+00
3.959183673215999022e+01,1.000000000000000000e+00
3.965986394303998708e+01,0.000000000000000000e+00
3.965986394303998708e+01,1.000000000000000000e+00
3.972789115391999104e+01,0.000000000000000000e+00
3.972789115391999104e+01,1.000000000000000000e+00
3.979591836479999500e+01,0.000000000000000000e+00
3.979591836479999500e+01,1.000000000000000000e+00
3.986394557567999186e+01,0.000000000000000000e+00
3.986394557567999186e+01,1.000000000000000000e+00
3.993197278655999582e+01,0.000000000000000000e+00
3.993197278655999582e+01,1.000000000000000000e+00
3.999999999743999268e+01,0.000000000000000000e+00
3.999999999743999268e+01,1.000000000000000000e+00
4.006802720831998954e+01,0.000000000000000000e+00
4.006802720831998954e+01,1.000000000000000000e+00
4.013605441919999350e+01,0.000000000000000000e+00
4.013605441919999350e+01,1.000000000000000000e+00
4.020408163007999036e+01,0.000000000000000000e+00
4.020408163007999036e+01,1.000000000000000000e+00
4.027210884095998722e+01,0.000000000000000000e+00
4.027210884095998722e+01,1.000000000000000000e+00
4.034013605183999118e+01,0.000000000000000000e+00
4.034013605183999118e+01,1.000000000000000000e+00
4.040816326271999515e+01,0.000000000000000000e+00
4.040816326271999515e+01,1.000000000000000000e+00
4.047619047359999200e+01,0.000000000000000000e+00
4.047619047359999200e+01,1.000000000000000000e+00
4.054421768447999597e+01,0.000000000000000000e+00
4.054421768447999597e+01,1.000000000000000000e+00
4.061224489535999282e+01,0.000000000000000000e+00
4.061224489535999282e+01,1.000000000000000000e+00
4.068027210623998968e+01,0.000000000000000000e+00
4.068027210623998968e+01,1.000000000000000000e+00
4.074829931711999365e+01,0.000000000000000000e+00
4.074829931711999365e+01,1.000000000000000000e+00
4.081632652799999050e+01,0.000000000000000000e+00
4.081632652799999050e+01,1.000000000000000000e+00
4.088435373887998736e+01,0.000000000000000000e+00
4.088435373887998736e+01,1.000000000000000000e+00
4.095238094975999132e+01,0.000000000000000000e+00
4.095238094975999132e+01,1.000000000000000000e+00
4.102040816063998818e+01,0.000000000000000000e+00
4.102040816063998818e+01,1.000000000000000000e+00
4.108843537151999215e+01,0.000000000000000000e+00
4.108843537151999215e+01,1.000000000000000000e+00
4.115646258239999611e+01,0.000000000000000000e+00
4.115646258239999611e+01,1.000000000000000000e+00
4.122448979327999297e+01,0.000000000000000000e+00
4.122448979327999297e+01,1.000000000000000000e+00
4.129251700415998982e+01,0.000000000000000000e+00
4.129251700415998982e+01,1.000000000000000000e+00
4.136054421503999379e+01,0.000000000000000000e+00
4.136054421503999379e+01,1.000000000000000000e+00
4.142857142591999065e+01,0.000000000000000000e+00
4.142857142591999065e+01,1.000000000000000000e+00
4.149659863679998750e+01,0.000000000000000000e+00
4.149659863679998750e+01,1.000000000000000000e+00
4.156462584767999147e+01,0.000000000000000000e+00
4.156462584767999147e+01,1.000000000000000000e+00
4.163265305855998832e+01,0.000000000000000000e+00
4.163265305855998832e+01,1.000000000000000000e+00
4.170068026943999229e+01,0.000000000000000000e+00
4.170068026943999229e+01,1.000000000000000000e+00
4.176870748031999625e+01,0.000000000000000000e+00
4.176870748031999625e+01,1.000000000000000000e+00
4.299319727615999653e+01,0.000000000000000000e+00
4.299319727615999653e+01,1.000000000000000000e+00
4.310657596095999367e+01,0.000000000000000000e+00
4.310657596095999367e+01,1.000000000000000000e+00
4.317460317183999052e+01,0.000000000000000000e+00
4.317460317183999052e+01,1.000000000000000000e+00
4.324263038271998738e+01,0.000000000000000000e+00
4.324263038271998738e+01,1.000000000000000000e+00
4.331065759359999134e+01,0.000000000000000000e+00
4.331065759359999134e+01,1.000000000000000000e+00
4.337868480447998820e+01,0.000000000000000000e+00
4.337868480447998820e+01,1.000000000000000000e+00
4.344671201535998506e+01,0.000000000000000000e+00
4.344671201535998506e+01,1.000000000000000000e+00
4.351473922623998902e+01,0.000000000000000000e+00
4.351473922623998902e+01,1.000000000000000000e+00
4.358276643711999299e+01,0.000000000000000000e+00
4.358276643711999299e+01,1.000000000000000000e+00
4.365079364799998984e+01,0.000000000000000000e+00
4.365079364799998984e+01,1.000000000000000000e+00
4.371882085887999381e+01,0.000000000000000000e+00
4.371882085887999381e+01,1.000000000000000000e+00
4.378684806975999066e+01,0.000000000000000000e+00
4.378684806975999066e+01,1.000000000000000000e+00
4.385487528063998752e+01,0.000000000000000000e+00
4.385487528063998752e+01,1.000000000000000000e+00
4.392290249151999149e+01,0.000000000000000000e+00
4.392290249151999149e+01,1.000000000000000000e+00
4.399092970239998834e+01,0.000000000000000000e+00
4.399092970239998834e+01,1.000000000000000000e+00
4.405895691327998520e+01,0.000000000000000000e+00
4.405895691327998520e+01,1.000000000000000000e+00
4.412698412415998916e+01,0.000000000000000000e+00
4.412698412415998916e+01,1.000000000000000000e+00
4.419501133503998602e+01,0.000000000000000000e+00
4.419501133503998602e+01,1.000000000000000000e+00
4.426303854591998999e+01,0.000000000000000000e+00
4.426303854591998999e+01,1.000000000000000000e+00
4.433106575679999395e+01,0.000000000000000000e+00
4.433106575679999395e+01,1.000000000000000000e+00
4.439909296767999081e+01,0.000000000000000000e+00
4.439909296767999081e+01,1.000000000000000000e+00
4.446712017855998766e+01,0.000000000000000000e+00
4.446712017855998766e+01,1.000000000000000000e+00
4.453514738943999163e+01,0.000000000000000000e+00
4.453514738943999163e+01,1.000000000000000000e+00
4.460317460031998849e+01,0.000000000000000000e+00
4.460317460031998849e+01,1.000000000000000000e+00
4.467120181119998534e+01,0.000000000000000000e+00
4.467120181119998534e+01,1.000000000000000000e+00
4.473922902207998931e+01,0.000000000000000000e+00
4.473922902207998931e+01,1.000000000000000000e+00
4.480725623295998616e+01,0.000000000000000000e+00
4.480725623295998616e+01,1.000000000000000000e+00
4.487528344383999013e+01,0.000000000000000000e+00
4.487528344383999013e+01,1.000000000000000000e+00
4.494331065471999409e+01,0.000000000000000000e+00
4.494331065471999409e+01,1.000000000000000000e+00
4.501133786559999095e+01,0.000000000000000000e+00
4.501133786559999095e+01,1.000000000000000000e+00
4.507936507647998781e+01,0.000000000000000000e+00
4.507936507647998781e+01,1.000000000000000000e+00
4.514739228735999177e+01,0.000000000000000000e+00
4.514739228735999177e+01,1.000000000000000000e+00
4.521541949823998863e+01,0.000000000000000000e+00
4.521541949823998863e+01,1.000000000000000000e+00
4.528344670911998548e+01,0.000000000000000000e+00
4.528344670911998548e+01,1.000000000000000000e+00
4.535147391999998945e+01,0.000000000000000000e+00
4.535147391999998945e+01,1.000000000000000000e+00
4.541950113087998631e+01,0.000000000000000000e+00
4.541950113087998631e+01,1.000000000000000000e+00
4.548752834175999027e+01,0.000000000000000000e+00
4.548752834175999027e+01,1.000000000000000000e+00
4.555555555263999423e+01,0.000000000000000000e+00
4.555555555263999423e+01,1.000000000000000000e+00
4.562358276351999109e+01,0.000000000000000000e+00
4.562358276351999109e+01,1.000000000000000000e+00
4.569160997439998795e+01,0.000000000000000000e+00
4.569160997439998795e+01,1.000000000000000000e+00
4.575963718527999191e+01,0.000000000000000000e+00
4.575963718527999191e+01,1.000000000000000000e+00
4.582766439615998877e+01,0.000000000000000000e+00
4.582766439615998877e+01,1.000000000000000000e+00
4.589569160703998563e+01,0.000000000000000000e+00
4.589569160703998563e+01,1.000000000000000000e+00
4.596371881791998959e+01,0.000000000000000000e+00
4.596371881791998959e+01,1.000000000000000000e+00
4.603174602879998645e+01,0.000000000000000000e+00
4.603174602879998645e+01,1.000000000000000000e+00
4.609977323967998331e+01,0.000000000000000000e+00
4.609977323967998331e+01,1.000000000000000000e+00
4.616780045055999437e+01,0.000000000000000000e+00
4.616780045055999437e+01,1.000000000000000000e+00
4.623582766143999123e+01,0.000000000000000000e+00
4.623582766143999123e+01,1.000000000000000000e+00
4.630385487231998809e+01,0.000000000000000000e+00
4.630385487231998809e+01,1.000000000000000000e+00
4.637188208319999205e+01,0.000000000000000000e+00
4.637188208319999205e+01,1.000000000000000000e+00
4.643990929407998891e+01,0.000000000000000000e+00
4.643990929407998891e+01,1.000000000000000000e+00
4.650793650495998577e+01,0.000000000000000000e+00
4.650793650495998577e+01,1.000000000000000000e+00
4.657596371583998973e+01,0.000000000000000000e+00
4.657596371583998973e+01,1.000000000000000000e+00
4.664399092671998659e+01,0.000000000000000000e+00
4.664399092671998659e+01,1.000000000000000000e+00
4.671201813759998345e+01,0.000000000000000000e+00
4.671201813759998345e+01,1.000000000000000000e+00
4.678004534847999452e+01,0.000000000000000000e+00
4.678004534847999452e+01,1.000000000000000000e+00
4.684807255935999137e+01,0.000000000000000000e+00
4.684807255935999137e+01,1.000000000000000000e+00
4.691609977023998823e+01,0.000000000000000000e+00
4.691609977023998823e+01,1.000000000000000000e+00
4.698412698111999219e+01,0.000000000000000000e+00
4.698412698111999219e+01,1.000000000000000000e+00
4.705215419199998905e+01,0.000000000000000000e+00
4.705215419199998905e+01,1.000000000000000000e+00
4.712018140287998591e+01,0.000000000000000000e+00
4.712018140287998591e+01,1.000000000000000000e+00
4.718820861375998987e+01,0.000000000000000000e+00
4.718820861375998987e+01,1.000000000000000000e+00
4.725623582463998673e+01,0.000000000000000000e+00
4.725623582463998673e+01,1.000000000000000000e+00
4.732426303551998359e+01,0.000000000000000000e+00
4.732426303551998359e+01,1.000000000000000000e+00
4.739229024639998755e+01,0.000000000000000000e+00
4.739229024639998755e+01,1.000000000000000000e+00
4.746031745727999152e+01,0.000000000000000000e+00
4.746031745727999152e+01,1.000000000000000000e+00
4.752834466815998837e+01,0.000000000000000000e+00
4.752834466815998837e+01,1.000000000000000000e+00
4.759637187903999234e+01,0.000000000000000000e+00
4.759637187903999234e+01,1.000000000000000000e+00
4.766439908991998919e+01,0.000000000000000000e+00
4.766439908991998919e+01,1.000000000000000000e+00
4.773242630079998605e+01,0.000000000000000000e+00
4.773242630079998605e+01,1.000000000000000000e+00
4.780045351167999002e+01,0.000000000000000000e+00
4.780045351167999002e+01,1.000000000000000000e+00
4.786848072255998687e+01,0.000000000000000000e+00
4.786848072255998687e+01,1.000000000000000000e+00
4.793650793343998373e+01,0.000000000000000000e+00
4.793650793343998373e+01,1.000000000000000000e+00
4.800453514431998769e+01,0.000000000000000000e+00
4.800453514431998769e+01,1.000000000000000000e+00
4.807256235519999166e+01,0.000000000000000000e+00
4.807256235519999166e+01,1.000000000000000000e+00
4.814058956607998851e+01,0.000000000000000000e+00
4.814058956607998851e+01,1.000000000000000000e+00
4.820861677695999248e+01,0.000000000000000000e+00
4.820861677695999248e+01,1.000000000000000000e+00
4.827664398783998934e+01,0.000000000000000000e+00
4.827664398783998934e+01,1.000000000000000000e+00
4.834467119871998619e+01,0.000000000000000000e+00
4.834467119871998619e+01,1.000000000000000000e+00
4.841269840959999016e+01,0.000000000000000000e+00
4.841269840959999016e+01,1.000000000000000000e+00
4.848072562047998701e+01,0.000000000000000000e+00
4.848072562047998701e+01,1.000000000000000000e+00
4.854875283135998387e+01,0.000000000000000000e+00
4.854875283135998387e+01,1.000000000000000000e+00
4.861678004223998784e+01,0.000000000000000000e+00
4.861678004223998784e+01,1.000000000000000000e+00
4.868480725311999180e+01,0.000000000000000000e+00
4.868480725311999180e+01,1.000000000000000000e+00
4.875283446399998866e+01,0.000000000000000000e+00
4.875283446399998866e+01,1.000000000000000000e+00
4.882086167487999262e+01,0.000000000000000000e+00
4.882086167487999262e+01,1.000000000000000000e+00
4.888888888575998948e+01,0.000000000000000000e+00
4.888888888575998948e+01,1.000000000000000000e+00
4.895691609663998634e+01,0.000000000000000000e+00
4.895691609663998634e+01,1.000000000000000000e+00
4.907029478143999057e+01,0.000000000000000000e+00
4.907029478143999057e+01,1.000000000000000000e+00
5.047619047295998485e+01,0.000000000000000000e+00
5.047619047295998485e+01,1.000000000000000000e+00
5.056689342079998539e+01,0.000000000000000000e+00
5.056689342079998539e+01,1.000000000000000000e+00
5.063492063167998936e+01,0.000000000000000000e+00
5.063492063167998936e+01,1.000000000000000000e+00
5.070294784255999332e+01,0.000000000000000000e+00
5.070294784255999332e+01,1.000000000000000000e+00
5.077097505343999018e+01,0.000000000000000000e+00
5.077097505343999018e+01,1.000000000000000000e+00
5.083900226431998703e+01,0.000000000000000000e+00
5.083900226431998703e+01,1.000000000000000000e+00
5.090702947519999100e+01,0.000000000000000000e+00
5.090702947519999100e+01,1.000000000000000000e+00
5.097505668607998786e+01,0.000000000000000000e+00
5.097505668607998786e+01,1.000000000000000000e+00
5.104308389695998471e+01,0.000000000000000000e+00
5.104308389695998471e+01,1.000000000000000000e+00
5.111111110783998868e+01,0.000000000000000000e+00
5.111111110783998868e+01,1.000000000000000000e+00
5.117913831871998553e+01,0.000000000000000000e+00
5.117913831871998553e+01,1.000000000000000000e+00
5.124716552959998950e+01,0.000000000000000000e+00
5.124716552959998950e+01,1.000000000000000000e+00
5.131519274047999346e+01,0.000000000000000000e+00
5.131519274047999346e+01,1.000000000000000000e+00
5.138321995135999032e+01,0.000000000000000000e+00
5.138321995135999032e+01,1.000000000000000000e+00
5.145124716223998718e+01,0.000000000000000000e+00
5.145124716223998718e+01,1.000000000000000000e+00
5.151927437311999114e+01,0.000000000000000000e+00
5.151927437311999114e+01,1.000000000000000000e+00
5.158730158399998800e+01,0.000000000000000000e+00
5.158730158399998800e+01,1.000000000000000000e+00
5.165532879487998486e+01,0.000000000000000000e+00
5.165532879487998486e+01,1.000000000000000000e+00
5.172335600575998882e+01,0.000000000000000000e+00
5.172335600575998882e+01,1.000000000000000000e+00
5.179138321663998568e+01,0.000000000000000000e+00
5.179138321663998568e+01,1.000000000000000000e+00
5.185941042751998964e+01,0.000000000000000000e+00
5.185941042751998964e+01,1.000000000000000000e+00
5.192743763839999360e+01,0.000000000000000000e+00
5.192743763839999360e+01,1.000000000000000000e+00
5.199546484927999046e+01,0.000000000000000000e+00
5.199546484927999046e+01,1.000000000000000000e+00
5.206349206015998732e+01,0.000000000000000000e+00
5.206349206015998732e+01,1.000000000000000000e+00
5.213151927103999128e+01,0.000000000000000000e+00
5.213151927103999128e+01,1.000000000000000000e+00
5.219954648191998814e+01,0.000000000000000000e+00
5.219954648191998814e+01,1.000000000000000000e+00
5.226757369279998500e+01,0.000000000000000000e+00
5.226757369279998500e+01,1.000000000000000000e+00
5.233560090367998896e+01,0.000000000000000000e+00
5.233560090367998896e+01,1.000000000000000000e+00
5.240362811455998582e+01,0.000000000000000000e+00
5.240362811455998582e+01,1.000000000000000000e+00
5.247165532543998268e+01,0.000000000000000000e+00
5.247165532543998268e+01,1.000000000000000000e+00
5.253968253631999374e+01,0.000000000000000000e+00
5.253968253631999374e+01,1.000000000000000000e+00
5.260770974719999060e+01,0.000000000000000000e+00
5.260770974719999060e+01,1.000000000000000000e+00
5.267573695807998746e+01,0.000000000000000000e+00
5.267573695807998746e+01,1.000000000000000000e+00
5.274376416895999142e+01,0.000000000000000000e+00
5.274376416895999142e+01,1.000000000000000000e+00
5.281179137983998828e+01,0.000000000000000000e+00
5.281179137983998828e+01,1.000000000000000000e+00
5.287981859071998514e+01,0.000000000000000000e+00
5.287981859071998514e+01,1.000000000000000000e+00
5.294784580159998910e+01,0.000000000000000000e+00
5.294784580159998910e+01,1.000000000000000000e+00
5.301587301247998596e+01,0.000000000000000000e+00
5.301587301247998596e+01,1.000000000000000000e+00
5.308390022335998282e+01,0.000000000000000000e+00
5.308390022335998282e+01,1.000000000000000000e+00
5.315192743423999389e+01,0.000000000000000000e+00
5.315192743423999389e+01,1.000000000000000000e+00
5.321995464511999074e+01,0.000000000000000000e+00
5.321995464511999074e+01,1.000000000000000000e+00
5.328798185599998760e+01,0.000000000000000000e+00
5.328798185599998760e+01,1.000000000000000000e+00
5.335600906687999156e+01,0.000000000000000000e+00
5.335600906687999156e+01,1.000000000000000000e+00
5.342403627775998842e+01,0.000000000000000000e+00
5.342403627775998842e+01,1.000000000000000000e+00
5.349206348863998528e+01,0.000000000000000000e+00
5.349206348863998528e+01,1.000000000000000000e+00
5.356009069951998924e+01,0.000000000000000000e+00
5.356009069951998924e+01,1.000000000000000000e+00
5.362811791039998610e+01,0.000000000000000000e+00
5.362811791039998610e+01,1.000000000000000000e+00
5.369614512127998296e+01,0.000000000000000000e+00
5.369614512127998296e+01,1.000000000000000000e+00
5.376417233215999403e+01,0.000000000000000000e+00
5.376417233215999403e+01,1.000000000000000000e+00
5.383219954303999089e+01,0.000000000000000000e+00
5.383219954303999089e+01,1.000000000000000000e+00
5.390022675391998774e+01,0.000000000000000000e+00
5.390022675391998774e+01,1.000000000000000000e+00
5.396825396479999171e+01,0.000000000000000000e+00
5.396825396479999171e+01,1.000000000000000000e+00
5.403628117567998856e+01,0.000000000000000000e+00
5.403628117567998856e+01,1.000000000000000000e+00
5.410430838655998542e+01,0.000000000000000000e+00
5.410430838655998542e+01,1.000000000000000000e+00
5.417233559743998939e+01,0.000000000000000000e+00
5.417233559743998939e+01,1.000000000000000000e+00
5.424036280831998624e+01,0.000000000000000000e+00
5.424036280831998624e+01,1.000000000000000000e+00
5.430839001919998310e+01,0.000000000000000000e+00
5.430839001919998310e+01,1.000000000000000000e+00
5.437641723007998706e+01,0.000000000000000000e+00
5.437641723007998706e+01,1.000000000000000000e+00
5.444444444095999103e+01,0.000000000000000000e+00
5.444444444095999103e+01,1.000000000000000000e+00
5.451247165183998789e+01,0.000000000000000000e+00
5.451247165183998789e+01,1.000000000000000000e+00
5.458049886271999185e+01,0.000000000000000000e+00
5.458049886271999185e+01,1.000000000000000000e+00
5.464852607359998871e+01,0.000000000000000000e+00
5.464852607359998871e+01,1.000000000000000000e+00
5.471655328447998556e+01,0.000000000000000000e+00
5.471655328447998556e+01,1.000000000000000000e+00
5.478458049535998953e+01,0.000000000000000000e+00
5.478458049535998953e+01,1.000000000000000000e+00
5.485260770623998638e+01,0.000000000000000000e+00
5.485260770623998638e+01,1.000000000000000000e+00
5.492063491711998324e+01,0.000000000000000000e+00
5.492063491711998324e+01,1.000000000000000000e+00
5.498866212799998721e+01,0.000000000000000000e+00
5.498866212799998721e+01,1.000000000000000000e+00
5.505668933887999117e+01,0.000000000000000000e+00
5.505668933887999117e+01,1.000000000000000000e+00
5.512471654975998803e+01,0.000000000000000000e+00
5.512471654975998803e+01,1.000000000000000000e+00
5.519274376063999199e+01,0.000000000000000000e+00
5.519274376063999199e+01,1.000000000000000000e+00
5.526077097151998885e+01,0.000000000000000000e+00
5.526077097151998885e+01,1.000000000000000000e+00
5.532879818239998571e+01,0.000000000000000000e+00
5.532879818239998571e+01,1.000000000000000000e+00
5.539682539327998967e+01,0.000000000000000000e+00
5.539682539327998967e+01,1.000000000000000000e+00
5.546485260415998653e+01,0.000000000000000000e+00
5.546485260415998653e+01,1.000000000000000000e+00
5.553287981503998338e+01,0.000000000000000000e+00
5.553287981503998338e+01,1.000000000000000000e+00
5.560090702591998735e+01,0.000000000000000000e+00
5.560090702591998735e+01,1.000000000000000000e+00
5.566893423679999131e+01,0.000000000000000000e+00
5.566893423679999131e+01,1.000000000000000000e+00
5.573696144767998817e+01,0.000000000000000000e+00
5.573696144767998817e+01,1.000000000000000000e+00
5.580498865855999213e+01,0.000000000000000000e+00
5.580498865855999213e+01,1.000000000000000000e+00
5.587301586943998899e+01,0.000000000000000000e+00
5.587301586943998899e+01,1.000000000000000000e+00
5.594104308031998585e+01,0.000000000000000000e+00
5.594104308031998585e+01,1.000000000000000000e+00
5.600907029119998981e+01,0.000000000000000000e+00
5.600907029119998981e+01,1.000000000000000000e+00
5.607709750207998667e+01,0.000000000000000000e+00
5.607709750207998667e+01,1.000000000000000000e+00
5.614512471295998353e+01,0.000000000000000000e+00
5.614512471295998353e+01,1.000000000000000000e+00
5.621315192383998749e+01,0.000000000000000000e+00
5.621315192383998749e+01,1.000000000000000000e+00
5.628117913471998435e+01,0.000000000000000000e+00
5.628117913471998435e+01,1.000000000000000000e+00
5.634920634559998831e+01,0.000000000000000000e+00
5.634920634559998831e+01,1.000000000000000000e+00
5.641723355647999227e+01,0.000000000000000000e+00
5.641723355647999227e+01,1.000000000000000000e+00
5.648526076735998913e+01,0.000000000000000000e+00
5.648526076735998913e+01,1.000000000000000000e+00
5.655328797823998599e+01,0.000000000000000000e+00
5.655328797823998599e+01,1.000000000000000000e+00
5.662131518911998995e+01,0.000000000000000000e+00
5.662131518911998995e+01,1.000000000000000000e+00
5.668934239999998681e+01,0.000000000000000000e+00
5.668934239999998681e+01,1.000000000000000000e+00
5.678004534783998736e+01,0.000000000000000000e+00
5.678004534783998736e+01,1.000000000000000000e+00
5.839002267199998641e+01,0.000000000000000000e+00
5.839002267199998641e+01,1.000000000000000000e+00
5.845804988287999038e+01,0.000000000000000000e+00
5.845804988287999038e+01,1.000000000000000000e+00
5.852607709375998724e+01,0.000000000000000000e+00
5.852607709375998724e+01,1.000000000000000000e+00
5.859410430463998409e+01,0.000000000000000000e+00
5.859410430463998409e+01,1.000000000000000000e+00
5.866213151551998806e+01,0.000000000000000000e+00
5.866213151551998806e+01,1.000000000000000000e+00
5.873015872639998491e+01,0.000000000000000000e+00
5.873015872639998491e+01,1.000000000000000000e+00
5.879818593727998177e+01,0.000000000000000000e+00
5.879818593727998177e+01,1.000000000000000000e+00
5.886621314815999284e+01,0.000000000000000000e+00
5.886621314815999284e+01,1.000000000000000000e+00
5.893424035903998970e+01,0.000000000000000000e+00
5.893424035903998970e+01,1.000000000000000000e+00
5.900226756991998656e+01,0.000000000000000000e+00
5.900226756991998656e+01,1.000000000000000000e+00
5.907029478079999052e+01,0.000000000000000000e+00
5.907029478079999052e+01,1.000000000000000000e+00
5.913832199167998738e+01,0.000000000000000000e+00
5.913832199167998738e+01,1.000000000000000000e+00
5.920634920255998423e+01,0.000000000000000000e+00
5.920634920255998423e+01,1.000000000000000000e+00
5.927437641343998820e+01,0.000000000000000000e+00
5.927437641343998820e+01,1.000000000000000000e+00
5.934240362431998506e+01,0.000000000000000000e+00
5.934240362431998506e+01,1.000000000000000000e+00
5.941043083519998191e+01,0.000000000000000000e+00
5.941043083519998191e+01,1.000000000000000000e+00
5.947845804607998588e+01,0.000000000000000000e+00
5.947845804607998588e+01,1.000000000000000000e+00
5.954648525695998984e+01,0.000000000000000000e+00
5.954648525695998984e+01,1.000000000000000000e+00
5.961451246783998670e+01,0.000000000000000000e+00
5.961451246783998670e+01,1.000000000000000000e+00
5.968253967871999066e+01,0.000000000000000000e+00
5.968253967871999066e+01,1.000000000000000000e+00
5.975056688959998752e+01,0.000000000000000000e+00
5.975056688959998752e+01,1.000000000000000000e+00
5.981859410047998438e+01,0.000000000000000000e+00
5.981859410047998438e+01,1.000000000000000000e+00
5.988662131135998834e+01,0.000000000000000000e+00
5.988662131135998834e+01,1.000000000000000000e+00
5.995464852223998520e+01,0.000000000000000000e+00
5.995464852223998520e+01,1.000000000000000000e+00
6.002267573311998206e+01,0.000000000000000000e+00
6.002267573311998206e+01,1.000000000000000000e+00
6.009070294399998602e+01,0.000000000000000000e+00
6.009070294399998602e+01,1.000000000000000000e+00
6.015873015487998998e+01,0.000000000000000000e+00
6.015873015487998998e+01,1.000000000000000000e+00
6.022675736575998684e+01,0.000000000000000000e+00
6.022675736575998684e+01,1.000000000000000000e+00
6.029478457663999080e+01,0.000000000000000000e+00
6.029478457663999080e+01,1.000000000000000000e+00
6.036281178751998766e+01,0.000000000000000000e+00
6.036281178751998766e+01,1.000000000000000000e+00
6.043083899839998452e+01,0.000000000000000000e+00
6.043083899839998452e+01,1.000000000000000000e+00
6.049886620927998848e+01,0.000000000000000000e+00
6.049886620927998848e+01,1.000000000000000000e+00
6.056689342015998534e+01,0.000000000000000000e+00
6.056689342015998534e+01,1.000000000000000000e+00
6.063492063103998220e+01,0.000000000000000000e+00
6.063492063103998220e+01,1.000000000000000000e+00
6.070294784191998616e+01,0.000000000000000000e+00
6.070294784191998616e+01,1.000000000000000000e+00
6.077097505279999012e+01,0.000000000000000000e+00
6.077097505279999012e+01,1.000000000000000000e+00
6.083900226367998698e+01,0.000000000000000000e+00
6.083900226367998698e+01,1.000000000000000000e+00
6.090702947455999094e+01,0.000000000000000000e+00
6.090702947455999094e+01,1.000000000000000000e+00
6.097505668543998780e+01,0.000000000000000000e+00
6.097505668543998780e+01,1.000000000000000000e+00
6.104308389631998466e+01,0.000000000000000000e+00
6.104308389631998466e+01,1.000000000000000000e+00
6.111111110719998862e+01,0.000000000000000000e+00
6.111111110719998862e+01,1.000000000000000000e+00
6.117913831807998548e+01,0.000000000000000000e+00
6.117913831807998548e+01,1.000000000000000000e+00
6.124716552895998234e+01,0.000000000000000000e+00
6.124716552895998234e+01,1.000000000000000000e+00
6.131519273983998630e+01,0.000000000000000000e+00
6.131519273983998630e+01,1.000000000000000000e+00
6.138321995071998316e+01,0.000000000000000000e+00
6.138321995071998316e+01,1.000000000000000000e+00
6.145124716159998712e+01,0.000000000000000000e+00
6.145124716159998712e+01,1.000000000000000000e+00
6.151927437247999109e+01,0.000000000000000000e+00
6.151927437247999109e+01,1.000000000000000000e+00
6.158730158335998794e+01,0.000000000000000000e+00
6.158730158335998794e+01,1.000000000000000000e+00
6.165532879423998480e+01,0.000000000000000000e+00
6.165532879423998480e+01,1.000000000000000000e+00
6.172335600511998877e+01,0.000000000000000000e+00
6.172335600511998877e+01,1.000000000000000000e+00
6.179138321599998562e+01,0.000000000000000000e+00
6.179138321599998562e+01,1.000000000000000000e+00
6.185941042687998248e+01,0.000000000000000000e+00
6.185941042687998248e+01,1.000000000000000000e+00
6.192743763775998644e+01,0.000000000000000000e+00
6.192743763775998644e+01,1.000000000000000000e+00
6.199546484863998330e+01,0.000000000000000000e+00
6.199546484863998330e+01,1.000000000000000000e+00
6.206349205951998727e+01,0.000000000000000000e+00
6.206349205951998727e+01,1.000000000000000000e+00
6.213151927039999123e+01,0.000000000000000000e+00
6.213151927039999123e+01,1.000000000000000000e+00
6.219954648127998809e+01,0.000000000000000000e+00
6.219954648127998809e+01,1.000000000000000000e+00
6.226757369215998494e+01,0.000000000000000000e+00
6.226757369215998494e+01,1.000000000000000000e+00
6.233560090303998891e+01,0.000000000000000000e+00
6.233560090303998891e+01,1.000000000000000000e+00
6.240362811391998576e+01,0.000000000000000000e+00
6.240362811391998576e+01,1.000000000000000000e+00
6.247165532479998262e+01,0.000000000000000000e+00
6.247165532479998262e+01,1.000000000000000000e+00
6.253968253567998659e+01,0.000000000000000000e+00
6.253968253567998659e+01,1.000000000000000000e+00
6.260770974655999055e+01,0.000000000000000000e+00
6.260770974655999055e+01,1.000000000000000000e+00
6.267573695743998030e+01,0.000000000000000000e+00
6.267573695743998030e+01,1.000000000000000000e+00
6.274376416831999137e+01,0.000000000000000000e+00
6.274376416831999137e+01,1.000000000000000000e+00
6.281179137919998112e+01,0.000000000000000000e+00
6.281179137919998112e+01,1.000000000000000000e+00
6.287981859007998509e+01,0.000000000000000000e+00
6.287981859007998509e+01,1.000000000000000000e+00
6.294784580095998194e+01,0.000000000000000000e+00
6.294784580095998194e+01,1.000000000000000000e+00
6.301587301183998591e+01,0.000000000000000000e+00
6.301587301183998591e+01,1.000000000000000000e+00
6.308390022271998987e+01,0.000000000000000000e+00
6.308390022271998987e+01,1.000000000000000000e+00
6.315192743359998673e+01,0.000000000000000000e+00
6.315192743359998673e+01,1.000000000000000000e+00
6.321995464447999069e+01,0.000000000000000000e+00
6.321995464447999069e+01,1.000000000000000000e+00
6.328798185535998044e+01,0.000000000000000000e+00
6.328798185535998044e+01,1.000000000000000000e+00
6.335600906623999151e+01,0.000000000000000000e+00
6.335600906623999151e+01,1.000000000000000000e+00
6.342403627711998126e+01,0.000000000000000000e+00
6.342403627711998126e+01,1.000000000000000000e+00
6.349206348799998523e+01,0.000000000000000000e+00
6.349206348799998523e+01,1.000000000000000000e+00
6.356009069887998209e+01,0.000000000000000000e+00
6.356009069887998209e+01,1.000000000000000000e+00
6.362811790975998605e+01,0.000000000000000000e+00
6.362811790975998605e+01,1.000000000000000000e+00
6.369614512063999001e+01,0.000000000000000000e+00
6.369614512063999001e+01,1.000000000000000000e+00
6.376417233151998687e+01,0.000000000000000000e+00
6.376417233151998687e+01,1.000000000000000000e+00
6.383219954239999083e+01,0.000000000000000000e+00
6.383219954239999083e+01,1.000000000000000000e+00
6.390022675327998058e+01,0.000000000000000000e+00
6.390022675327998058e+01,1.000000000000000000e+00
6.396825396415999165e+01,0.000000000000000000e+00
6.396825396415999165e+01,1.000000000000000000e+00
6.403628117503998851e+01,0.000000000000000000e+00
6.403628117503998851e+01,1.000000000000000000e+00
6.410430838591999247e+01,0.000000000000000000e+00
6.410430838591999247e+01,1.000000000000000000e+00
6.417233559679998223e+01,0.000000000000000000e+00
6.417233559679998223e+01,1.000000000000000000e+00
6.424036280767998619e+01,0.000000000000000000e+00
6.424036280767998619e+01,1.000000000000000000e+00
6.430839001855999015e+01,0.000000000000000000e+00
6.430839001855999015e+01,1.000000000000000000e+00
6.437641722943997991e+01,0.000000000000000000e+00
6.437641722943997991e+01,1.000000000000000000e+00
6.444444444031998387e+01,0.000000000000000000e+00
6.444444444031998387e+01,1.000000000000000000e+00
6.458049886207999180e+01,0.000000000000000000e+00
6.458049886207999180e+01,1.000000000000000000e+00
6.632653060799998457e+01,0.000000000000000000e+00
6.632653060799998457e+01,1.000000000000000000e+00
6.639455781887998853e+01,0.000000000000000000e+00
6.639455781887998853e+01,1.000000000000000000e+00
6.646258502975999249e+01,0.000000000000000000e+00
6.646258502975999249e+01,1.000000000000000000e+00
6.653061224063998225e+01,0.000000000000000000e+00
6.653061224063998225e+01,1.000000000000000000e+00
6.659863945151998621e+01,0.000000000000000000e+00
6.659863945151998621e+01,1.000000000000000000e+00
6.666666666239997596e+01,0.000000000000000000e+00
6.666666666239997596e+01,1.000000000000000000e+00
6.673469387327997993e+01,0.000000000000000000e+00
6.673469387327997993e+01,1.000000000000000000e+00
6.680272108415999810e+01,0.000000000000000000e+00
6.680272108415999810e+01,1.000000000000000000e+00
6.687074829503998785e+01,0.000000000000000000e+00
6.687074829503998785e+01,1.000000000000000000e+00
6.693877550591999182e+01,0.000000000000000000e+00
6.693877550591999182e+01,1.000000000000000000e+00
6.700680271679998157e+01,0.000000000000000000e+00
6.700680271679998157e+01,1.000000000000000000e+00
6.707482992767998553e+01,0.000000000000000000e+00
6.707482992767998553e+01,1.000000000000000000e+00
6.714285713855997528e+01,0.000000000000000000e+00
6.714285713855997528e+01,1.000000000000000000e+00
6.721088434943999346e+01,0.000000000000000000e+00
6.721088434943999346e+01,1.000000000000000000e+00
6.727891156031998321e+01,0.000000000000000000e+00
6.727891156031998321e+01,1.000000000000000000e+00
6.734693877119998717e+01,0.000000000000000000e+00
6.734693877119998717e+01,1.000000000000000000e+00
6.741496598207997692e+01,0.000000000000000000e+00
6.741496598207997692e+01,1.000000000000000000e+00
6.748299319295998089e+01,0.000000000000000000e+00
6.748299319295998089e+01,1.000000000000000000e+00
6.755102040383998485e+01,0.000000000000000000e+00
6.755102040383998485e+01,1.000000000000000000e+00
6.761904761471998881e+01,0.000000000000000000e+00
6.761904761471998881e+01,1.000000000000000000e+00
6.768707482559999278e+01,0.000000000000000000e+00
6.768707482559999278e+01,1.000000000000000000e+00
6.775510203647998253e+01,0.000000000000000000e+00
6.775510203647998253e+01,1.000000000000000000e+00
6.782312924735998649e+01,0.000000000000000000e+00
6.782312924735998649e+01,1.000000000000000000e+00
6.789115645823997625e+01,0.000000000000000000e+00
6.789115645823997625e+01,1.000000000000000000e+00
6.795918366911998021e+01,0.000000000000000000e+00
6.795918366911998021e+01,1.000000000000000000e+00
6.802721087999998417e+01,0.000000000000000000e+00
6.802721087999998417e+01,1.000000000000000000e+00
6.809523809087998814e+01,0.000000000000000000e+00
6.809523809087998814e+01,1.000000000000000000e+00
6.816326530175999210e+01,0.000000000000000000e+00
6.816326530175999210e+01,1.000000000000000000e+00
6.823129251263998185e+01,0.000000000000000000e+00
6.823129251263998185e+01,1.000000000000000000e+00
6.829931972351998581e+01,0.000000000000000000e+00
6.829931972351998581e+01,1.000000000000000000e+00
6.836734693439997557e+01,0.000000000000000000e+00
6.836734693439997557e+01,1.000000000000000000e+00
6.843537414527999374e+01,0.000000000000000000e+00
6.843537414527999374e+01,1.000000000000000000e+00
6.850340135615998349e+01,0.000000000000000000e+00
6.850340135615998349e+01,1.000000000000000000e+00
6.857142856703998746e+01,0.000000000000000000e+00
6.857142856703998746e+01,1.000000000000000000e+00
6.863945577791997721e+01,0.000000000000000000e+00
6.863945577791997721e+01,1.000000000000000000e+00
6.870748298879998117e+01,0.000000000000000000e+00
6.870748298879998117e+01,1.000000000000000000e+00
6.877551019967998513e+01,0.000000000000000000e+00
6.877551019967998513e+01,1.000000000000000000e+00
6.884353741055998910e+01,0.000000000000000000e+00
6.884353741055998910e+01,1.000000000000000000e+00
6.891156462143999306e+01,0.000000000000000000e+00
6.891156462143999306e+01,1.000000000000000000e+00
6.897959183231998281e+01,0.000000000000000000e+00
6.897959183231998281e+01,1.000000000000000000e+00
6.904761904319998678e+01,0.000000000000000000e+00
6.904761904319998678e+01,1.000000000000000000e+00
6.911564625407997653e+01,0.000000000000000000e+00
6.911564625407997653e+01,1.000000000000000000e+00
6.918367346495998049e+01,0.000000000000000000e+00
6.918367346495998049e+01,1.000000000000000000e+00
6.925170067583998446e+01,0.000000000000000000e+00
6.925170067583998446e+01,1.000000000000000000e+00
6.931972788671998842e+01,0.000000000000000000e+00
6.931972788671998842e+01,1.000000000000000000e+00
6.938775509759999238e+01,0.000000000000000000e+00
6.938775509759999238e+01,1.000000000000000000e+00
6.945578230847998213e+01,0.000000000000000000e+00
6.945578230847998213e+01,1.000000000000000000e+00
6.952380951935998610e+01,0.000000000000000000e+00
6.952380951935998610e+01,1.000000000000000000e+00
6.959183673023997585e+01,0.000000000000000000e+00
6.959183673023997585e+01,1.000000000000000000e+00
6.965986394111999402e+01,0.000000000000000000e+00
6.965986394111999402e+01,1.000000000000000000e+00
6.972789115199998378e+01,0.000000000000000000e+00
6.972789115199998378e+01,1.000000000000000000e+00
6.979591836287998774e+01,0.000000000000000000e+00
6.979591836287998774e+01,1.000000000000000000e+00
6.986394557375997749e+01,0.000000000000000000e+00
6.986394557375997749e+01,1.000000000000000000e+00
6.993197278463998146e+01,0.000000000000000000e+00
6.993197278463998146e+01,1.000000000000000000e+00
6.999999999551998542e+01,0.000000000000000000e+00
6.999999999551998542e+01,1.000000000000000000e+00
7.006802720639998938e+01,0.000000000000000000e+00
7.006802720639998938e+01,1.000000000000000000e+00
7.013605441727999334e+01,0.000000000000000000e+00
7.013605441727999334e+01,1.000000000000000000e+00
7.020408162815998310e+01,0.000000000000000000e+00
7.020408162815998310e+01,1.000000000000000000e+00
7.027210883903998706e+01,0.000000000000000000e+00
7.027210883903998706e+01,1.000000000000000000e+00
7.034013604991997681e+01,0.000000000000000000e+00
7.034013604991997681e+01,1.000000000000000000e+00
7.040816326079998078e+01,0.000000000000000000e+00
7.040816326079998078e+01,1.000000000000000000e+00
7.047619047167998474e+01,0.000000000000000000e+00
7.047619047167998474e+01,1.000000000000000000e+00
7.054421768255998870e+01,0.000000000000000000e+00
7.054421768255998870e+01,1.000000000000000000e+00
7.061224489343997845e+01,0.000000000000000000e+00
7.061224489343997845e+01,1.000000000000000000e+00
7.068027210431998242e+01,0.000000000000000000e+00
7.068027210431998242e+01,1.000000000000000000e+00
7.074829931519998638e+01,0.000000000000000000e+00
7.074829931519998638e+01,1.000000000000000000e+00
7.081632652607997613e+01,0.000000000000000000e+00
7.081632652607997613e+01,1.000000000000000000e+00
7.088435373695999431e+01,0.000000000000000000e+00
7.088435373695999431e+01,1.000000000000000000e+00
7.095238094783998406e+01,0.000000000000000000e+00
7.095238094783998406e+01,1.000000000000000000e+00
7.102040815871998802e+01,0.000000000000000000e+00
7.102040815871998802e+01,1.000000000000000000e+00
7.108843536959997778e+01,0.000000000000000000e+00
7.108843536959997778e+01,1.000000000000000000e+00
7.115646258047998174e+01,0.000000000000000000e+00
7.115646258047998174e+01,1.000000000000000000e+00
7.122448979135997149e+01,0.000000000000000000e+00
7.122448979135997149e+01,1.000000000000000000e+00
7.129251700223998967e+01,0.000000000000000000e+00
7.129251700223998967e+01,1.000000000000000000e+00
7.136054421311999363e+01,0.000000000000000000e+00
7.136054421311999363e+01,1.000000000000000000e+00
7.142857142399998338e+01,0.000000000000000000e+00
7.142857142399998338e+01,1.000000000000000000e+00
7.149659863487998734e+01,0.000000000000000000e+00
7.149659863487998734e+01,1.000000000000000000e+00
7.156462584575997710e+01,0.000000000000000000e+00
7.156462584575997710e+01,1.000000000000000000e+00
7.163265305663998106e+01,0.000000000000000000e+00
7.163265305663998106e+01,1.000000000000000000e+00
7.170068026751998502e+01,0.000000000000000000e+00
7.170068026751998502e+01,1.000000000000000000e+00
7.176870747839998899e+01,0.000000000000000000e+00
7.176870747839998899e+01,1.000000000000000000e+00
7.183673468927997874e+01,0.000000000000000000e+00
7.183673468927997874e+01,1.000000000000000000e+00
7.190476190015998270e+01,0.000000000000000000e+00
7.190476190015998270e+01,1.000000000000000000e+00
7.403628117439998846e+01,0.000000000000000000e+00
7.403628117439998846e+01,1.000000000000000000e+00
7.410430838527997821e+01,0.000000000000000000e+00
7.410430838527997821e+01,1.000000000000000000e+00
7.417233559615998217e+01,0.000000000000000000e+00
7.417233559615998217e+01,1.000000000000000000e+00
7.424036280703998614e+01,0.000000000000000000e+00
7.424036280703998614e+01,1.000000000000000000e+00
7.430839001791999010e+01,0.000000000000000000e+00
7.430839001791999010e+01,1.000000000000000000e+00
7.437641722879997985e+01,0.000000000000000000e+00
7.437641722879997985e+01,1.000000000000000000e+00
7.444444443967998382e+01,0.000000000000000000e+00
7.444444443967998382e+01,1.000000000000000000e+00
7.451247165055998778e+01,0.000000000000000000e+00
7.451247165055998778e+01,1.000000000000000000e+00
7.458049886143997753e+01,0.000000000000000000e+00
7.458049886143997753e+01,1.000000000000000000e+00
7.464852607231998149e+01,0.000000000000000000e+00
7.464852607231998149e+01,1.000000000000000000e+00
7.471655328319998546e+01,0.000000000000000000e+00
7.471655328319998546e+01,1.000000000000000000e+00
7.478458049407998942e+01,0.000000000000000000e+00
7.478458049407998942e+01,1.000000000000000000e+00
7.485260770495997917e+01,0.000000000000000000e+00
7.485260770495997917e+01,1.000000000000000000e+00
7.492063491583998314e+01,0.000000000000000000e+00
7.492063491583998314e+01,1.000000000000000000e+00
7.498866212671997289e+01,0.000000000000000000e+00
7.498866212671997289e+01,1.000000000000000000e+00
7.505668933759997685e+01,0.000000000000000000e+00
7.505668933759997685e+01,1.000000000000000000e+00
7.512471654847999503e+01,0.000000000000000000e+00
7.512471654847999503e+01,1.000000000000000000e+00
7.519274375935998478e+01,0.000000000000000000e+00
7.519274375935998478e+01,1.000000000000000000e+00
7.526077097023998874e+01,0.000000000000000000e+00
7.526077097023998874e+01,1.000000000000000000e+00
7.532879818111997849e+01,0.000000000000000000e+00
7.532879818111997849e+01,1.000000000000000000e+00
7.539682539199998246e+01,0.000000000000000000e+00
7.539682539199998246e+01,1.000000000000000000e+00
7.546485260287998642e+01,0.000000000000000000e+00
7.546485260287998642e+01,1.000000000000000000e+00
7.553287981375999038e+01,0.000000000000000000e+00
7.553287981375999038e+01,1.000000000000000000e+00
7.560090702463998014e+01,0.000000000000000000e+00
7.560090702463998014e+01,1.000000000000000000e+00
7.566893423551998410e+01,0.000000000000000000e+00
7.566893423551998410e+01,1.000000000000000000e+00
7.573696144639998806e+01,0.000000000000000000e+00
7.573696144639998806e+01,1.000000000000000000e+00
7.580498865727997782e+01,0.000000000000000000e+00
7.580498865727997782e+01,1.000000000000000000e+00
7.587301586815998178e+01,0.000000000000000000e+00
7.587301586815998178e+01,1.000000000000000000e+00
7.594104307903998574e+01,0.000000000000000000e+00
7.594104307903998574e+01,1.000000000000000000e+00
7.600907028991998970e+01,0.000000000000000000e+00
7.600907028991998970e+01,1.000000000000000000e+00
7.607709750079997946e+01,0.000000000000000000e+00
7.607709750079997946e+01,1.000000000000000000e+00
7.614512471167998342e+01,0.000000000000000000e+00
7.614512471167998342e+01,1.000000000000000000e+00
7.621315192255997317e+01,0.000000000000000000e+00
7.621315192255997317e+01,1.000000000000000000e+00
7.628117913343997714e+01,0.000000000000000000e+00
7.628117913343997714e+01,1.000000000000000000e+00
7.634920634431999531e+01,0.000000000000000000e+00
7.634920634431999531e+01,1.000000000000000000e+00
7.641723355519998506e+01,0.000000000000000000e+00
7.641723355519998506e+01,1.000000000000000000e+00
7.648526076607998903e+01,0.000000000000000000e+00
7.648526076607998903e+01,1.000000000000000000e+00
7.655328797695997878e+01,0.000000000000000000e+00
7.655328797695997878e+01,1.000000000000000000e+00
7.662131518783998274e+01,0.000000000000000000e+00
7.662131518783998274e+01,1.000000000000000000e+00
7.668934239871998670e+01,0.000000000000000000e+00
7.668934239871998670e+01,1.000000000000000000e+00
7.675736960959999067e+01,0.000000000000000000e+00
7.675736960959999067e+01,1.000000000000000000e+00
7.682539682047998042e+01,0.000000000000000000e+00
7.682539682047998042e+01,1.000000000000000000e+00
7.689342403135998438e+01,0.000000000000000000e+00
7.689342403135998438e+01,1.000000000000000000e+00
7.696145124223997414e+01,0.000000000000000000e+00
7.696145124223997414e+01,1.000000000000000000e+00
7.702947845311997810e+01,0.000000000000000000e+00
7.702947845311997810e+01,1.000000000000000000e+00
7.709750566399998206e+01,0.000000000000000000e+00
7.709750566399998206e+01,1.000000000000000000e+00
7.716553287487998603e+01,0.000000000000000000e+00
7.716553287487998603e+01,1.000000000000000000e+00
7.723356008575998999e+01,0.000000000000000000e+00
7.723356008575998999e+01,1.000000000000000000e+00
7.730158729663997974e+01,0.000000000000000000e+00
7.730158729663997974e+01,1.000000000000000000e+00
7.736961450751998370e+01,0.000000000000000000e+00
7.736961450751998370e+01,1.000000000000000000e+00
7.743764171839997346e+01,0.000000000000000000e+00
7.743764171839997346e+01,1.000000000000000000e+00
7.750566892927997742e+01,0.000000000000000000e+00
7.750566892927997742e+01,1.000000000000000000e+00
7.757369614015998138e+01,0.000000000000000000e+00
7.757369614015998138e+01,1.000000000000000000e+00
7.764172335103998535e+01,0.000000000000000000e+00
7.764172335103998535e+01,1.000000000000000000e+00
7.770975056191998931e+01,0.000000000000000000e+00
7.770975056191998931e+01,1.000000000000000000e+00
7.777777777279997906e+01,0.000000000000000000e+00
7.777777777279997906e+01,1.000000000000000000e+00
7.784580498367998302e+01,0.000000000000000000e+00
7.784580498367998302e+01,1.000000000000000000e+00
7.791383219455998699e+01,0.000000000000000000e+00
7.791383219455998699e+01,1.000000000000000000e+00
7.798185940543999095e+01,0.000000000000000000e+00
7.798185940543999095e+01,1.000000000000000000e+00
7.804988661631998070e+01,0.000000000000000000e+00
7.804988661631998070e+01,1.000000000000000000e+00
7.811791382719998467e+01,0.000000000000000000e+00
7.811791382719998467e+01,1.000000000000000000e+00
7.818594103807997442e+01,0.000000000000000000e+00
7.818594103807997442e+01,1.000000000000000000e+00
7.825396824895997838e+01,0.000000000000000000e+00
7.825396824895997838e+01,1.000000000000000000e+00
9.122448979007997139e+01,0.000000000000000000e+00
9.122448979007997139e+01,1.000000000000000000e+00
9.129251700095998956e+01,0.000000000000000000e+00
9.129251700095998956e+01,1.000000000000000000e+00
9.136054421183997931e+01,0.000000000000000000e+00
9.136054421183997931e+01,1.000000000000000000e+00
9.142857142271998327e+01,0.000000000000000000e+00
9.142857142271998327e+01,1.000000000000000000e+00
9.149659863359997303e+01,0.000000000000000000e+00
9.149659863359997303e+01,1.000000000000000000e+00
9.156462584447997699e+01,0.000000000000000000e+00
9.156462584447997699e+01,1.000000000000000000e+00
9.163265305535998095e+01,0.000000000000000000e+00
9.163265305535998095e+01,1.000000000000000000e+00
9.170068026623998492e+01,0.000000000000000000e+00
9.170068026623998492e+01,1.000000000000000000e+00
9.176870747711998888e+01,0.000000000000000000e+00
9.176870747711998888e+01,1.000000000000000000e+00
9.183673468799997863e+01,0.000000000000000000e+00
9.183673468799997863e+01,1.000000000000000000e+00
9.190476189887998260e+01,0.000000000000000000e+00
9.190476189887998260e+01,1.000000000000000000e+00
9.197278910975997235e+01,0.000000000000000000e+00
9.197278910975997235e+01,1.000000000000000000e+00
9.204081632063997631e+01,0.000000000000000000e+00
9.204081632063997631e+01,1.000000000000000000e+00
9.210884353151998027e+01,0.000000000000000000e+00
9.210884353151998027e+01,1.000000000000000000e+00
9.217687074239998424e+01,0.000000000000000000e+00
9.217687074239998424e+01,1.000000000000000000e+00
9.224489795327998820e+01,0.000000000000000000e+00
9.224489795327998820e+01,1.000000000000000000e+00
9.231292516415997795e+01,0.000000000000000000e+00
9.231292516415997795e+01,1.000000000000000000e+00
9.238095237503998192e+01,0.000000000000000000e+00
9.238095237503998192e+01,1.000000000000000000e+00
9.244897958591997167e+01,0.000000000000000000e+00
9.244897958591997167e+01,1.000000000000000000e+00
9.251700679679998984e+01,0.000000000000000000e+00
9.251700679679998984e+01,1.000000000000000000e+00
9.258503400767997960e+01,0.000000000000000000e+00
9.258503400767997960e+01,1.000000000000000000e+00
9.265306121855998356e+01,0.000000000000000000e+00
9.265306121855998356e+01,1.000000000000000000e+00
9.272108842943997331e+01,0.000000000000000000e+00
9.272108842943997331e+01,1.000000000000000000e+00
9.278911564031997727e+01,0.000000000000000000e+00
9.278911564031997727e+01,1.000000000000000000e+00
9.285714285119996703e+01,0.000000000000000000e+00
9.285714285119996703e+01,1.000000000000000000e+00
9.292517006207998520e+01,0.000000000000000000e+00
9.292517006207998520e+01,1.000000000000000000e+00
9.299319727295998916e+01,0.000000000000000000e+00
9.299319727295998916e+01,1.000000000000000000e+00
9.306122448383997892e+01,0.000000000000000000e+00
9.306122448383997892e+01,1.000000000000000000e+00
